k,time,exact_trend,series,noise,trend_mean_21,residual_mean_21,trend_mean_51,residual_mean_51,trend_mean_111,residual_mean_111,trend_median_21,residual_median_21,trend_median_51,residual_median_51,trend_median_111,residual_median_111
0,0,0,0.61047975286,0.61047975286,0.459889308145,0.150590444715,0.471605327681,0.138874425179,1.04903229128,-0.438552538416,0.61047975286,0,0.692514894793,-0.0820351419331,1.0523867166,-0.441906963743
1,0.05,0.22360679775,-0.109712190963,-0.333318988713,0.452171128961,-0.561883319924,0.554865862077,-0.66457805304,1.06103960541,-1.17075179638,0.53063839711,-0.640350588073,0.774550036726,-0.88426222769,1.06743530255,-1.17714749352
2,0.1,0.316227766017,-1.37759189994,-1.69381966595,0.387451293286,-1.76504319322,0.514743973353,-1.89233587329,1.07403882687,-2.4516307268,0.450797041359,-1.8283889413,0.692514894793,-2.07010679473,1.09200358496,-2.4695954849
3,0.15,0.387298334621,0.892465714719,0.505167380099,0.424217417521,0.468248297199,0.6097762597,0.282689455019,1.0980234919,-0.205557777182,0.53063839711,0.36182731761,0.774550036726,0.117915677993,1.11657186737,-0.224106152646
4,0.2,0.4472135955,1.75686064578,1.30964705028,0.484685456847,1.27217518894,0.666428470911,1.09043217487,1.13263981517,0.624220830611,0.61047975286,1.14638089292,0.802500729342,0.95435991644,1.12541968185,0.631440963935
5,0.25,0.5,1.21901908049,0.719019080495,0.51904497154,0.699974108955,0.710855814293,0.508163266202,1.12345829877,0.095560781728,0.692514894793,0.526504185701,0.830451421957,0.388567658537,1.11657186737,0.102447213129
6,0.3,0.547722557505,0.055889305031,-0.491833252474,0.501554094022,-0.445664788991,0.743322813087,-0.687433508056,1.10242788645,-1.04653858142,0.61047975286,-0.554590447829,0.841257123119,-0.785367818088,1.09200358496,-1.03611427993
7,0.35,0.59160797831,0.774550036726,0.182942058416,0.392187044428,0.382362992298,0.764211480559,0.0103385561673,1.10645555324,-0.331905516509,0.53063839711,0.243911639617,0.852062824281,-0.077512787555,1.11657186737,-0.342021830639
8,0.4,0.632455532034,-0.447895745681,-1.08035127771,0.499919761483,-0.947815507164,0.789830941801,-1.23772668748,1.09551931865,-1.54341506433,0.61047975286,-1.05837549854,0.8722642695,-1.32016001518,1.09200358496,-1.53989933064
9,0.45,0.67082039325,0.450797041359,-0.220023351891,0.517526914623,-0.0667298732637,0.802479984342,-0.351682942983,1.10143813305,-0.650641091693,0.692514894793,-0.241717853434,0.892465714719,-0.44166867336,1.11657186737,-0.665774826007
10,0.5,0.707106781187,1.2339206492,0.526813868015,0.484505856132,0.749414793069,0.819115225459,0.414805423742,1.10742356304,0.126497086157,0.61047975286,0.623440896341,0.897321373646,0.336599275555,1.12541968185,0.108500967354
11,0.55,0.74161984871,0.367271157933,-0.374348690776,0.386844395591,-0.0195732376573,0.870807018826,-0.503535860892,1.12730411164,-0.760032953702,0.450797041359,-0.0835258834256,0.902177032573,-0.53490587464,1.13426749633,-0.766996338395
12,0.6,0.774596669241,-0.38918673481,-1.16378340405,0.46169868628,-0.85088542109,0.921696259451,-1.31088299426,1.13593194465,-1.52511867946,0.774550036726,-1.16373677154,0.968307362258,-1.35749409707,1.17664328841,-1.56583002322
13,0.65,0.80622577483,0.902177032573,0.0959512577436,0.56684360637,0.335333426203,0.966425852222,-0.0642488196489,1.14838661063,-0.246209578061,0.830451421957,0.071725610616,1.03443769194,-0.132260659368,1.21901908049,-0.316842047921
14,0.7,0.836660026534,1.33123800741,0.494577980874,0.578357976923,0.752880030485,0.953048685272,0.378189322136,1.15386923811,0.177368769294,0.830451421957,0.500786585451,0.968307362258,0.36293064515,1.22578325561,0.1054547518
15,0.75,0.866025403784,1.03443769194,0.168412288157,0.49948745225,0.534950239692,0.941100710196,0.0933369817455,1.16655292703,-0.132115235084,0.774550036726,0.259887655215,0.902177032573,0.132260659368,1.23254743072,-0.19810973878
16,0.8,0.894427191,0.22170005373,-0.67272713727,0.570945579672,-0.349245525943,0.94339207735,-0.72169202362,1.18353775597,-0.961837702244,0.774550036726,-0.552849982997,0.968307362258,-0.746607308528,1.23323403996,-1.01153398623
17,0.85,0.921954445729,-1.46705279867,-2.38900724439,0.541210516471,-2.00826331514,0.950637513356,-2.41769031202,1.19378516395,-2.66083796261,0.774550036726,-2.24160283539,1.03443769194,-2.50149049061,1.2339206492,-2.70097344787
18,0.9,0.948683298051,2.43910866847,1.49042537042,0.660073861266,1.7790348072,0.954408748675,1.48469991979,1.17191626098,1.26719240749,0.830451421957,1.60865724651,1.0358879113,1.40322075717,1.23323403996,1.20587462851
19,0.95,0.974679434481,0.852062824281,-0.1226166102,0.791370925157,0.0606918991243,0.953382921967,-0.101320097686,1.17231951416,-0.320256689874,0.852062824281,0,1.03443769194,-0.18237486766,1.23254743072,-0.38048460644
20,1,1,-0.175915313684,-1.17591531368,0.867222309651,-1.04313762334,0.991597311771,-1.16751262546,1.18824922995,-1.36416454363,0.902177032573,-1.07809234626,1.0358879113,-1.21180322498,1.23323403996,-1.40914935365
21,1.05,1.0246950766,-1.44041091851,-2.4651059951,0.891787982342,-2.33219890085,0.987143924982,-2.42755484349,1.20118971516,-2.64160063366,0.902177032573,-2.34258795108,1.03443769194,-2.47484861045,1.2339206492,-2.67433156771
22,1.1,1.04880884817,1.46222791352,0.413419065346,0.942520252901,0.519707660615,0.988816662014,0.473411251502,1.20642565737,0.255802256144,1.03443769194,0.427790221574,1.0358879113,0.426340002219,1.24443323741,0.217794676103
23,1.15,1.07238052948,0.830451421957,-0.241929107519,1.03892310517,-0.208471683211,0.985313635178,-0.15486221322,1.22398463631,-0.393533214357,1.13426749633,-0.303816074371,1.03443769194,-0.203986269984,1.25494582563,-0.424494403668
24,1.2,1.09544511501,1.13426749633,0.038822381318,1.05465502889,0.0796124674389,0.99919164522,0.135075851108,1.24166264445,-0.107395148119,1.23254743072,-0.0982799343932,1.0358879113,0.0983795850312,1.26616549942,-0.131898003091
25,1.25,1.11803398875,0.100579627647,-1.0174543611,1.05799363161,-0.957414003963,1.00464642028,-0.904066792631,1.25868789761,-1.15810826996,1.23254743072,-1.13196780307,1.03733813065,-0.936758503005,1.27738517321,-1.17680554557
26,1.3,1.1401754251,2.71963975636,1.57946433126,1.13881619771,1.58082355865,1.03509171798,1.68454803839,1.27314657295,1.44649318342,1.40134866455,1.31829109181,1.06743530255,1.65220445381,1.30431159031,1.41532816605
27,1.35,1.16189500386,-0.568547022196,-1.73044202606,1.26181134575,-1.83035836795,1.07211018482,-1.64065720702,1.28766677967,-1.85621380187,1.43264883967,-2.00119586187,1.11657186737,-1.68511888956,1.33123800741,-1.8997850296
28,1.4,1.18321595662,3.27068027743,2.08746432081,1.45863054462,1.81204973281,1.16330799359,2.10737228383,1.28988291946,1.98079735797,1.46222791352,1.80845236391,1.13426749633,2.1364127811,1.34370445073,1.9269758267
29,1.45,1.20415945788,2.30934259602,1.10518313814,1.36302247346,0.946320122562,1.15702086622,1.15232172981,1.28743744153,1.02190515449,1.43264883967,0.876693756352,1.13426749633,1.1750750997,1.33123800741,0.978104588616
30,1.5,1.22474487139,2.04367611574,0.818931244351,1.34450432503,0.699171790715,1.11712365273,0.926552463017,1.29925940971,0.744416706033,1.43264883967,0.611027276071,1.11657186737,0.927104248377,1.34370445073,0.699971665013
31,1.55,1.2449899598,1.7497997757,0.504809815906,1.40227829857,0.347521477137,1.12721051776,0.62258925795,1.30184992763,0.447949848076,1.43264883967,0.317150936033,1.11657186737,0.633227908339,1.35617089405,0.393628881654
32,1.6,1.26491106407,1.43264883967,0.167737775605,1.53062861972,-0.0979797800452,1.1617027755,0.270946064174,1.29973998853,0.132908851145,1.43264883967,0,1.13426749633,0.298381343344,1.34370445073,0.0889443889424
33,1.65,1.28452325787,1.6352731628,0.350749904929,1.514168808,0.1211043548,1.19532207015,0.439951092649,1.30190300996,0.33337015284,1.40134866455,0.233924498241,1.23254743072,0.402725732074,1.35617089405,0.279102268745
34,1.7,1.30384048104,1.23254743072,-0.071293050319,1.51787333775,-0.285325907031,1.26635929826,-0.0338118675379,1.32836114981,-0.095813719087,1.40134866455,-0.168801233833,1.2339206492,-0.00137321847987,1.3787597793,-0.146212348581
35,1.75,1.32287565553,1.40134866455,0.078473009022,1.59296749759,-0.191618833037,1.26874695067,0.13260171388,1.33694665242,0.0644020121301,1.43264883967,-0.0313001751176,1.2339206492,0.167428015353,1.40134866455,0
36,1.8,1.3416407865,2.73171158002,1.39007079352,1.62542980735,1.10628177267,1.24101463863,1.49069694139,1.34817187427,1.38353970576,1.43264883967,1.29906274035,1.23254743072,1.4991641493,1.41699875211,1.31471282791
37,1.85,1.36014705087,2.80459816259,1.44445111172,1.54675340479,1.2578447578,1.26040482954,1.54419333306,1.38301465291,1.42158350968,1.40134866455,1.40324949804,1.25494582563,1.54965233697,1.43264883967,1.37194932292
38,1.9,1.37840487521,2.66615037753,1.28774550232,1.61273985094,1.05341052659,1.27600724669,1.39014313085,1.40607170195,1.26007867559,1.40134866455,1.26480171298,1.25494582563,1.41120455191,1.44743837659,1.21871200094
39,1.95,1.39642400438,0.431339174196,-0.96508483018,1.53695574903,-1.10561657484,1.28734185888,-0.856002684687,1.41173970278,-0.980400528588,1.40134866455,-0.970009490358,1.27738517321,-0.846045999017,1.46222791352,-1.03088873932
40,2,1.41421356237,0.463181707175,-0.951031855198,1.48781491938,-1.0246332122,1.29058182957,-0.827400122398,1.42351759151,-0.960335884333,1.27738517321,-0.814203466039,1.27738517321,-0.814203466039,1.46802521769,-1.00484351051
41,2.05,1.43178210633,1.03733813065,-0.394443975675,1.49350605365,-0.456167922996,1.31813050853,-0.280792377876,1.44506760231,-0.40772947166,1.27738517321,-0.240047042561,1.35617089405,-0.318832763398,1.47382252186,-0.436484391211
42,2.1,1.44913767462,1.25494582563,-0.194191848994,1.49485985567,-0.239914030048,1.34739122819,-0.0924454025699,1.44506002542,-0.190114199799,1.27738517321,-0.0224393475887,1.40134866455,-0.146402838929,1.46802521769,-0.213079392065
43,2.15,1.46628782986,1.11657186737,-0.349715962496,1.5825192608,-0.46594739343,1.41528057518,-0.298708707813,1.44649692185,-0.329925054487,1.27738517321,-0.160813305848,1.43264883967,-0.316076972306,1.47382252186,-0.357250654498
44,2.2,1.48323969742,0.908246546845,-0.574993150574,1.53187873964,-0.623632192794,1.39749747451,-0.489250927661,1.46451199659,-0.556265449742,1.25494582563,-0.34669927878,1.43264883967,-0.524402292827,1.47703238825,-0.568785841407
45,2.25,1.5,2.71124485295,1.21124485295,1.45995280283,1.25129205011,1.42107293189,1.29017192106,1.48763356368,1.22361128927,1.25494582563,1.45629902732,1.46222791352,1.24901693943,1.48024225464,1.23100259831
46,2.3,1.51657508881,0.782288132656,-0.734286956154,1.4757671139,-0.693478981246,1.47137442061,-0.689086287958,1.49962810558,-0.717339972929,1.25494582563,-0.472657692969,1.48024225464,-0.697954121984,1.48624557516,-0.703957442502
47,2.35,1.53297097168,1.06743530255,-0.465535669122,1.43211391723,-0.364678614676,1.5374922531,-0.470056950542,1.48480079228,-0.417365489727,1.25494582563,-0.187510523071,1.49647651255,-0.429041209992,1.48024225464,-0.412806952087
48,2.4,1.54919333848,0.817168347019,-0.732024991464,1.41709181729,-0.59992347027,1.50049732037,-0.683328973347,1.48467557338,-0.667507226365,1.25494582563,-0.437777478607,1.49647651255,-0.679308165527,1.47703238825,-0.659864041233
49,2.45,1.56524758425,1.6792141373,0.113966553046,1.44132288922,0.237891248077,1.50778572874,0.171428408552,1.47136814352,0.207845993772,1.25494582563,0.424268311671,1.49647651255,0.18273762475,1.47382252186,0.205391615433
50,2.5,1.58113883008,1.27738517321,-0.30375365687,1.44804803876,-0.170662865543,1.53227024674,-0.254885073528,1.48832696607,-0.210941792858,1.25494582563,0.0224393475887,1.53217053417,-0.254785360953,1.47703238825,-0.199647215038
51,2.55,1.59687194227,2.16318993548,0.566317993209,1.41739999246,0.745789943011,1.57313469701,0.59005523847,1.5022876459,0.660902289576,1.25494582563,0.908244109851,1.6352731628,0.52791677268,1.48024225464,0.682947680836
52,2.6,1.61245154966,1.77822961822,0.165778068558,1.43258250501,0.34564711321,1.55136907841,0.226860539806,1.52066855498,0.257561063234,1.27738517321,0.500844445004,1.60959320801,0.168636410205,1.48624557516,0.291984043059
53,2.65,1.62788205961,3.27349634725,1.64561428764,1.39218206283,1.88131428442,1.61337166696,1.66012468029,1.53704161829,1.73645472896,1.27738517321,1.99611117403,1.6352731628,1.63822318445,1.49224889568,1.78124745157
54,2.7,1.64316767252,0.571822218513,-1.071345454,1.40949970032,-0.837677481805,1.60097058872,-1.0291483702,1.5422193035,-0.970397084983,1.35617089405,-0.784348675538,1.6352731628,-1.06345094428,1.49436270411,-0.922540485598
55,2.75,1.65831239518,-0.277897242182,-1.93620963736,1.43751065107,-1.71540789325,1.60707579567,-1.88497303785,1.55819909248,-1.83609633467,1.48024225464,-1.75813949682,1.6352731628,-1.91317040498,1.49647651255,-1.77437375473
56,2.8,1.67332005307,1.73344919698,0.0601291439144,1.42456662562,0.308882571359,1.61493115174,0.118518045242,1.57800250784,0.15544668914,1.48024225464,0.253206942342,1.6352731628,0.098176034187,1.52463446863,0.208814728351
57,2.85,1.68819430161,1.8149944499,0.126800148283,1.46893370296,0.346060746936,1.62921593518,0.185778514719,1.59300018263,0.221994267268,1.49647651255,0.318517937351,1.6352731628,0.179721287101,1.53217053417,0.28282391573
58,2.9,1.70293863659,2.48913406383,0.78619542724,1.51311792177,0.976016142065,1.63002326228,0.859110801554,1.62723468175,0.861899382086,1.6792141373,0.809919926537,1.6352731628,0.853860901037,1.55502971022,0.934104353611
59,2.95,1.71755640373,3.17500288807,1.45744648433,1.54716564497,1.6278372431,1.61917510802,1.55582778005,1.62899226345,1.54601062461,1.6792141373,1.49578875077,1.60959320801,1.56540968005,1.55502971022,1.61997317784
60,3,1.73205080757,0.572567314495,-1.15948349307,1.56503216942,-0.992464854924,1.64018646634,-1.06761915184,1.63813447531,-1.06556716082,1.71399675673,-1.14142944224,1.6792141373,-1.1066468228,1.55502971022,-0.982462395727
61,3.05,1.74642491966,-0.180427264952,-1.92685218461,1.61798814266,-1.79841540761,1.64260383504,-1.8230311,1.64286640161,-1.82329366656,1.73344919698,-1.91387646193,1.6792141373,-1.85964140225,1.58731277192,-1.76774003687
62,3.1,1.76068168617,1.35617089405,-0.404510792115,1.60695998088,-0.250789086829,1.61092665282,-0.254755758769,1.66352911624,-0.307358222184,1.73344919698,-0.377278302932,1.60959320801,-0.253422313962,1.60959320801,-0.253422313962
63,3.15,1.77482393493,0.40653653987,-1.36828739506,1.50206744402,-1.09553090415,1.58519431425,-1.17865777438,1.67776722152,-1.27123068165,1.71399675673,-1.30746021686,1.53217053417,-1.1256339943,1.6352731628,-1.22873662293
64,3.2,1.788854382,1.48024225464,-0.30861212736,1.40343239174,0.0768098629007,1.6051352009,-0.124892946264,1.69976478979,-0.219522535145,1.53217053417,-0.0519282795264,1.53217053417,-0.0519282795264,1.6792141373,-0.198971882656
65,3.25,1.80277563773,1.49647651255,-0.306299125186,1.48967790106,0.0067986114884,1.63804309725,-0.141566584704,1.71740565833,-0.220929145789,1.71399675673,-0.217520244188,1.60959320801,-0.113116695467,1.71399675673,-0.217520244188
66,3.3,1.81659021246,2.43942031866,0.622830106206,1.6069428455,0.832477473162,1.67542516303,0.763995155634,1.73027297155,0.709147347118,1.73344919698,0.705971121682,1.6792141373,0.760206181368,1.73344919698,0.705971121682
67,3.35,1.83030052177,1.71399675673,-0.116303765038,1.60104494127,0.112951815469,1.74505677396,-0.0310600172258,1.75815792563,-0.0441611689004,1.71399675673,0,1.71399675673,0,1.74426289928,-0.030266142543
68,3.4,1.84390889146,1.9953038975,0.151395006039,1.63812068145,0.357183216046,1.79006523351,0.205238663991,1.77563517089,0.21966872661,1.71399675673,0.281307140763,1.73344919698,0.261854700515,1.74426289928,0.25104099822
69,3.45,1.8574175621,1.53217053417,-0.325247027934,1.64522026351,-0.113049729339,1.80629974163,-0.274129207459,1.78476515213,-0.252594617962,1.71399675673,-0.181826222567,1.77822961822,-0.246059084051,1.7497997757,-0.217629241538
70,3.5,1.87082869339,2.05441115083,0.183582457444,1.618825276,0.435585874832,1.83834229993,0.216068850904,1.80364146728,0.250769683547,1.71399675673,0.340414394097,1.8149944499,0.239416700935,1.77822961822,0.276181532614
71,3.55,1.88414436814,2.38946061128,0.505316243135,1.70795536938,0.681505241893,1.85408002123,0.535380590046,1.82402923245,0.565431378825,1.93159853808,0.457862073201,1.8149944499,0.574466161381,1.8149944499,0.574466161381
72,3.6,1.8973665961,1.93159853808,0.0342319419746,1.83456255967,0.0970359784091,1.8670611376,0.0645374004799,1.84908715513,0.0825113829505,1.9953038975,-0.0637053594215,1.8149944499,0.116604088179,1.91560495036,0.0159935877121
73,3.65,1.91049731745,-0.424513655761,-2.33501097322,1.84016501813,-2.26467867389,1.87725481347,-2.30176846923,1.89962411438,-2.32413777014,1.9953038975,-2.41981755326,1.8149944499,-2.23950810566,1.93159853808,-2.35611219384
74,3.7,1.92353840617,1.20216024929,-0.721378156878,1.8723307684,-0.670170519108,1.92491826539,-0.722758016104,1.89971034784,-0.697550098551,1.9953038975,-0.793143648208,1.93159853808,-0.729438288787,1.93159853808,-0.729438288787
75,3.75,1.9364916731,2.38297791418,0.44648624108,1.91156336127,0.471414552912,1.96649818962,0.416479724566,1.91643984048,0.466538073702,2.05441115083,0.328566763353,1.94453178144,0.438446132745,1.94453178144,0.438446132745
76,3.8,1.94935886896,2.18466659115,0.235307722193,1.91290421632,0.271762374832,1.99460979089,0.190056800264,1.93205658198,0.252610009171,2.05441115083,0.130255440324,1.9953038975,0.189362693658,1.94453178144,0.240134809716
77,3.85,1.96214168703,1.60959320801,-0.352548479022,1.84989254813,-0.240299340121,1.95165341638,-0.342060208365,1.97426009625,-0.364666888234,1.9953038975,-0.385710689485,1.94453178144,-0.334938573426,1.99383433176,-0.384241123751
78,3.9,1.97484176581,2.5935849938,0.618743227988,1.83933312618,0.754251867623,1.94564456165,0.647940432156,1.99643222088,0.597152772917,1.9953038975,0.598281096304,1.94453178144,0.649053212363,1.9953038975,0.598281096304
79,3.95,1.98746069144,2.63822528697,0.650764595533,1.91970606424,0.718519222732,1.8831719948,0.755053292168,2.02144947717,0.616775809794,2.05441115083,0.583814136137,1.93159853808,0.706626748892,2.04367611574,0.594549171225
80,4,2,2.62070815044,0.620708150439,1.94720470012,0.673503450314,1.93605789902,0.684650251421,2.0224825243,0.59822562614,2.10964188783,0.511066262613,1.94453178144,0.676176369,2.04367611574,0.577032034696
81,4.05,2.01246117975,2.44429927557,0.43183809582,1.96221688637,0.4820823892,1.9999798,0.444319475573,2.05689320713,0.387406068437,2.18466659115,0.259632684415,1.9953038975,0.448995378072,2.05441115083,0.389888124738
82,4.1,2.02484567313,2.47832373099,0.453478057857,2.06693544241,0.41138828858,2.03437149862,0.443952232366,2.05308168691,0.425242044077,2.18466659115,0.293657139833,2.05441115083,0.423912580157,2.05441115083,0.423912580157
83,4.15,2.03715487875,1.47382252186,-0.563332356883,2.14402014357,-0.670197621707,2.06359381246,-0.589771290595,2.08435872311,-0.610536201249,2.304126705,-0.83030418314,2.10964188783,-0.635819365962,2.10658699084,-0.632764468974
84,4.2,2.04939015319,1.0820172954,-0.967372857792,2.25683183106,-1.17481453566,2.05609288946,-0.974075594059,2.08037568326,-0.998358387865,2.304126705,-1.2221094096,2.10658699084,-1.02456969544,2.10658699084,-1.02456969544
85,4.25,2.06155281281,2.304126705,0.242573892194,2.32065358205,-0.0165268770499,2.05885706579,0.24526963921,2.08039392492,0.223732780081,2.36966706197,-0.0655403569699,2.10658699084,0.197539714166,2.10658699084,0.197539714166
86,4.3,2.07364413533,1.52463446863,-0.549009666701,2.37450552135,-0.849871052721,2.10270199801,-0.578067529381,2.06808541872,-0.543450950091,2.36966706197,-0.845032593341,2.10964188783,-0.585007419194,2.10658699084,-0.581952522206
87,4.35,2.08566536146,1.11617528668,-0.969490074783,2.33925116307,-1.22307587639,2.13673056615,-1.02055527947,2.06669559781,-0.950520311131,2.36966706197,-1.25349177529,2.10964188783,-0.993466601147,2.10658699084,-0.990411704159
88,4.4,2.09761769634,1.49224889568,-0.605368800664,2.33819018992,-0.845941294247,2.15763775455,-0.665388858872,2.07550683759,-0.583257941912,2.36966706197,-0.877418166296,2.18466659115,-0.692417695478,2.10964188783,-0.617392992149
89,4.45,2.10950231097,3.68313559671,1.57363328574,2.36935301857,1.31378257814,2.17099110247,1.51214449424,2.099623078,1.58351251871,2.36966706197,1.31346853474,2.18466659115,1.49846900556,2.16318993548,1.51994566124
90,4.5,2.12132034356,2.10964188783,-0.011678455734,2.42466563694,-0.315023749113,2.19631274772,-0.0866708598992,2.09422195284,0.0154199349849,2.36966706197,-0.260025174148,2.304126705,-0.194484817178,2.16318993548,-0.0535480476502
91,4.55,2.13307290077,2.36966706197,0.236594161203,2.42896890778,-0.0593018458081,2.20117130433,0.168495757646,2.08973923535,0.279927826626,2.36966706197,0,2.304126705,0.0655403569699,2.16318993548,0.206477126497
92,4.6,2.14476105895,4.58855028808,2.44378922913,2.31126012491,2.27729016317,2.19940719276,2.38914309532,2.09205531545,2.49649497263,2.304126705,2.28442358308,2.304126705,2.28442358308,2.16318993548,2.4253603526
93,4.65,2.15638586528,3.55037726248,1.3939913972,2.2633293771,1.28704788539,2.21197548622,1.33840177627,2.07983725947,1.47054000302,2.10964188783,1.44073537466,2.34945062849,1.20092663399,2.10964188783,1.44073537466
94,4.7,2.16794833887,1.94453178144,-0.223416557429,2.19730903978,-0.252777258337,2.2119466712,-0.267414889765,2.07631551827,-0.131783736829,2.10964188783,-0.165110106387,2.34945062849,-0.404918847055,2.10964188783,-0.165110106387
95,4.75,2.17944947177,2.54241702023,0.362967548463,2.30145123207,0.240965788162,2.22913810093,0.313278919301,2.08503550899,0.45738151124,2.304126705,0.23829031523,2.35497972333,0.187437296905,2.10964188783,0.432775132407
96,4.8,2.19089023002,3.51386863948,1.32297840946,2.33373661315,1.18013202633,2.24105538064,1.27281325885,2.09400728387,1.41986135561,2.36966706197,1.14420157751,2.36966706197,1.14420157751,2.10964188783,1.40422675166
97,4.85,2.20227155455,1.44432506723,-0.757946487323,2.42720286831,-0.982877801077,2.26209538947,-0.817770322236,2.12227299916,-0.677947931928,2.54241702023,-1.098091953,2.36966706197,-0.925341994742,2.16318993548,-0.718864868244
98,4.9,2.21359436212,1.58731277192,-0.626281590199,2.53144844778,-0.94413567586,2.25462850614,-0.667315734218,2.15328410178,-0.565971329862,2.71107683812,-1.12376406621,2.36966706197,-0.782354290054,2.18466659115,-0.597353819236
99,4.95,2.22485954613,3.24800439531,1.02314484918,2.56070264279,0.687301752523,2.30051318469,0.947491210621,2.16171567728,1.08628871803,2.71107683812,0.536927557185,2.36966706197,0.878337333337,2.18466659115,1.06333780415
100,5,2.2360679775,3.79979027278,1.56372229528,2.54321884681,1.25657142598,2.34412786587,1.45566240691,2.16189662963,1.63789364316,2.71107683812,1.08871343466,2.38297791418,1.4168123586,2.18466659115,1.61512368163
101,5.05,2.24722050542,2.71107683812,0.4638563327,2.57650536918,0.134571468943,2.36205927198,0.349017566145,2.1693266446,0.541750193525,2.80865885772,-0.0975820195918,2.40893345033,0.302143387796,2.18466659115,0.52641024697
102,5.1,2.25831795813,-0.027585164697,-2.28590312282,2.53771311434,-2.56529827903,2.37810756373,-2.40569272843,2.17850862802,-2.20609379272,2.80865885772,-2.83624402241,2.42243750219,-2.45002266689,2.18466659115,-2.21225175585
103,5.15,2.26936114358,1.47177802689,-0.79758311669,2.43456488644,-0.962786859545,2.42777337687,-0.95599534998,2.20681888055,-0.735040853656,2.71107683812,-1.23929881123,2.44429927557,-0.972521248677,2.27523710418,-0.803459077284
104,5.2,2.2803508502,0.087395438118,-2.19295541208,2.3172877446,-2.22989230648,2.42493211391,-2.3375366758,2.22212819563,-2.13473275751,2.54241702023,-2.45502158212,2.44429927557,-2.35690383745,2.29656101178,-2.20916557366
105,5.25,2.29128784748,3.26900333358,0.977715486106,2.3566741437,0.912329189881,2.42632056922,0.842682764367,2.2365594351,1.03244389848,2.71107683812,0.557926495459,2.44429927557,0.824704058014,2.304126705,0.964876628581
106,5.3,2.30217288664,2.98211970776,0.679946821121,2.31866680461,0.663452903155,2.40547419358,0.576645514183,2.26620159838,0.715918109383,2.71107683812,0.27104286964,2.42243750219,0.559682205572,2.31136742008,0.670752287682
107,5.35,2.31300670124,3.48742582687,1.17441912563,2.2632183279,1.22420749898,2.42115811298,1.0662677139,2.26774812658,1.21967770029,2.42243750219,1.06498832468,2.42243750219,1.06498832468,2.33485456575,1.15257126112
108,5.4,2.32379000772,3.30533245555,0.981542447827,2.30658283533,0.998749620222,2.44949164273,0.855840812823,2.27634612659,1.02898632897,2.42243750219,0.882894953358,2.42243750219,0.882894953358,2.34945062849,0.955881827058
109,5.45,2.33452350599,2.10658699084,-0.227936515148,2.32594100485,-0.219354014008,2.49132584563,-0.384738854797,2.28554595491,-0.17895896407,2.42243750219,-0.315850511356,2.44868058293,-0.342093592087,2.34945062849,-0.242863637656
110,5.5,2.34520787991,3.31597588112,0.970768001204,2.28598524556,1.02999063555,2.49459875606,0.821377125055,2.30803398979,1.00794189133,2.40893345033,0.907042430786,2.44868058293,0.86729529819,2.35497972333,0.960996157788
111,5.55,2.35584379788,2.80865885772,0.452815059839,2.23181391903,0.576844938685,2.52628578973,0.282373067983,2.3333251467,0.475333711015,2.40893345033,0.399725407387,2.54241702023,0.266241837484,2.36966706197,0.438991795744
112,5.6,2.36643191324,1.55502971022,-0.811402203018,2.26759602492,-0.712566314697,2.54142160431,-0.986391894084,2.34570005287,-0.790670342644,2.40893345033,-0.853903740108,2.54241702023,-0.987387310012,2.38297791418,-0.827948203962
113,5.65,2.3769728648,2.42243750219,0.0454646373923,2.34275662744,0.0796808747548,2.57646138292,-0.154023880727,2.37085542185,0.0515820803465,2.40893345033,0.0135040518639,2.66219241567,-0.239754913478,2.38946061128,0.0329768909162
114,5.7,2.38746727726,1.08755728391,-1.29990999335,2.36389124284,-1.27633395893,2.6026636174,-1.5151063335,2.38590930333,-1.29835201942,2.40893345033,-1.32137616642,2.70903650745,-1.62147922354,2.38946061128,-1.30190332737
115,5.75,2.39791576166,2.7716461626,0.373730400942,2.52289665006,0.248749512538,2.57576620218,0.195879960422,2.37953272379,0.392113438804,2.42243750219,0.349208660405,2.66219241567,0.109453746927,2.38946061128,0.382185551321
116,5.8,2.40831891576,1.74426289928,-0.664056016481,2.52425266397,-0.779989764689,2.54768365394,-0.803420754658,2.39980006428,-0.655537165008,2.42243750219,-0.678174602916,2.66219241567,-0.917929516394,2.40893345033,-0.664670551052
117,5.85,2.41867732449,2.34945062849,-0.0692266959959,2.52525312885,-0.175802500361,2.53250448908,-0.183053860585,2.43284052717,-0.0833898986791,2.42243750219,-0.0729868736996,2.66219241567,-0.312741787178,2.41069645525,-0.0612458267601
118,5.9,2.4289915603,2.35497972333,-0.0740118369705,2.55644950273,-0.201469779402,2.48980147275,-0.134821749421,2.44792479811,-0.092945074785,2.42243750219,-0.0674577788655,2.54241702023,-0.187437296905,2.42243750219,-0.0674577788655
119,5.95,2.43926218353,1.99383433176,-0.445427851767,2.51565655641,-0.521822224651,2.50473869992,-0.510904368154,2.45844671102,-0.464612379255,2.42243750219,-0.42860317043,2.54241702023,-0.54858268847,2.42243750219,-0.42860317043
120,6,2.44948974278,2.40893345033,-0.0405562924539,2.54434462863,-0.135411178305,2.47902283241,-0.0700893820768,2.47366474888,-0.0647312985472,2.44868058293,-0.0397471325958,2.54241702023,-0.133483569904,2.43942031866,-0.030486868335
121,6.05,2.45967477525,2.66219241567,0.202517640422,2.4606097292,0.201582686469,2.4468924403,0.215299975372,2.49053625719,0.171656158478,2.42243750219,0.239754913478,2.44868058293,0.213511832746,2.44429927557,0.217893140102
122,6.1,2.46981780705,3.46250106175,0.992683254701,2.48134879144,0.981152270309,2.4365969076,1.02590415415,2.49764184989,0.964859211859,2.42243750219,1.04006355955,2.44868058293,1.01382047882,2.44868058293,1.01382047882
123,6.15,2.47991935353,1.55078748822,-0.929131865304,2.5941251742,-1.04333768598,2.43667668958,-0.88588920136,2.50997057566,-0.959183087433,2.44868058293,-0.897893094702,2.44868058293,-0.897893094702,2.46720255997,-0.916415071751
124,6.2,2.4899799196,1.91560495036,-0.574374969234,2.6505503822,-0.734945431837,2.45016540198,-0.534560451617,2.51789807333,-0.602293122962,2.66219241567,-0.746587465308,2.44868058293,-0.533075632562,2.47832373099,-0.562718780625
125,6.25,2.5,3.42650898971,0.926508989714,2.65823506997,0.768273919741,2.4139154755,1.01259351422,2.52532198651,0.901187003206,2.66219241567,0.764316574043,2.42243750219,1.00407148752,2.47832373099,0.948185258726
126,6.3,2.5099800796,3.29747962559,0.787499545991,2.71292646329,0.5845531623,2.36801858229,0.929461043308,2.54790263088,0.749576994708,2.66219241567,0.635287209922,2.41069645525,0.886783170339,2.51650232118,0.780977304412
127,6.35,2.51992063367,3.00312947043,0.483208836758,2.73922637341,0.263903097017,2.39671967423,0.606409796199,2.54410176353,0.4590277069,2.66219241567,0.340937054758,2.41069645525,0.592433015175,2.51650232118,0.486627149248
128,6.4,2.52982212813,4.14254967825,1.61272755012,2.76559558139,1.37695409686,2.48936209347,1.65318758478,2.56418898586,1.57836069239,2.70903650745,1.4335131708,2.42243750219,1.72011217606,2.52942117494,1.61312850332
129,6.45,2.53968501984,2.44868058293,-0.091004436915,2.78814715906,-0.339466576133,2.5007483429,-0.0520677599732,2.58368113788,-0.135000554957,2.82856285434,-0.379882271413,2.42243750219,0.0262430807319,2.52942117494,-0.0807405920101
130,6.5,2.5495097568,2.70903650745,0.159526750655,2.80326778231,-0.0942312748608,2.51723730014,0.191799207313,2.59275075035,0.116285757104,2.82856285434,-0.119526346887,2.42243750219,0.286599005258,2.52942117494,0.179615332516
131,6.55,2.55929677841,1.55754299305,-1.00175378537,2.72081532885,-1.1632723358,2.5224720684,-0.964929075354,2.60385396418,-1.04631097113,2.82856285434,-1.27101986129,2.42243750219,-0.864894509145,2.54241702023,-0.984874027185
132,6.6,2.56904651573,3.24417916467,0.675132648935,2.67002186402,0.57415730065,2.49932243281,0.744856731855,2.62348848648,0.62069067819,2.82856285434,0.41561631033,2.41069645525,0.833482709415,2.5935849938,0.650594170867
133,6.65,2.57875939165,3.92333374832,1.34457435667,2.61993593038,1.30339781794,2.51348807018,1.40984567814,2.64523613373,1.27809761459,2.70903650745,1.21429724087,2.41069645525,1.51263729307,2.62070815044,1.30262559788
134,6.7,2.58843582111,3.60736687012,1.01893104901,2.75143061418,0.855936255941,2.49802081265,1.10934605747,2.65521262303,0.952154247091,2.82856285434,0.778804015781,2.41069645525,1.19667041487,2.63822528697,0.969141583151
135,6.75,2.59807621135,1.24893572712,-1.34914048423,2.69035526123,-1.44141953411,2.52105012103,-1.27211439391,2.66191268779,-1.41297696067,2.82856285434,-1.57962712722,2.42243750219,-1.17350177507,2.66219241567,-1.41325668855
136,6.8,2.60768096208,3.92016542231,1.31248446023,2.57022469137,1.34994073094,2.54559305076,1.37457237155,2.64670518969,1.27346023262,2.70903650745,1.21112891486,2.42243750219,1.49772792012,2.66219241567,1.25797300664
137,6.85,2.61725046566,2.29656101178,-0.320689453881,2.55552549357,-0.258964481791,2.53630277053,-0.239741758749,2.6455087377,-0.348947725919,2.70903650745,-0.412475495672,2.41069645525,-0.114135443474,2.66219241567,-0.365631403892
138,6.9,2.62678510731,2.90320399606,0.276418888749,2.48149046871,0.421713527348,2.55939253344,0.343811462624,2.66230550735,0.240898488711,2.44868058293,0.454523413137,2.42243750219,0.480766493868,2.70903650745,0.194167488611
139,6.95,2.63628526529,2.82856285434,0.192277589045,2.39257082233,0.435992032009,2.59610311753,0.232459736807,2.66100917393,0.167553680403,2.41069645525,0.417866399084,2.44868058293,0.379882271413,2.70903650745,0.119526346887
140,7,2.64575131106,2.31136742008,-0.334383890981,2.34259832527,-0.0312309051869,2.63493521178,-0.323567791695,2.6763510165,-0.364983596416,2.31136742008,0,2.51650232118,-0.205134901097,2.71107683812,-0.399709418041
141,7.05,2.65518360947,0.677431927554,-1.97775168192,2.28307509725,-1.60564316969,2.63018570222,-1.95275377466,2.68458227568,-2.00715034813,2.29656101178,-1.61912908423,2.51650232118,-1.83907039363,2.73260761861,-2.05517569105
142,7.1,2.66458251889,1.59552965428,-1.06905286461,2.40770793221,-0.812178277929,2.65690728814,-1.06137763385,2.69507664163,-1.09954698735,2.31136742008,-0.715837765801,2.52942117494,-0.933891520653,2.73260761861,-1.13707796433
143,7.15,2.67394839142,2.41069645525,-0.26325193617,2.47689836326,-0.0662019080031,2.70117767595,-0.290481220692,2.72422404428,-0.313527589029,2.31136742008,0.0993290351703,2.66219241567,-0.251495960418,2.7716461626,-0.360949707345
144,7.2,2.683281573,4.31217584808,1.62889427508,2.38780993465,1.92436591342,2.73657248349,1.57560336459,2.74528533789,1.56689051019,2.29656101178,2.0156148363,2.70903650745,1.60313934063,2.78496182006,1.52721402801
145,7.25,2.69258240357,0.633022538371,-2.0595598652,2.26023685785,-1.62721431948,2.74585421346,-2.11283167508,2.7445499855,-2.11152744712,2.27523710418,-1.6422145658,2.70903650745,-2.07601396908,2.78496182006,-2.15193928169
146,7.3,2.70185121722,0.903767022787,-1.79808419443,2.36914356204,-1.46537653926,2.7539583048,-1.85019128201,2.74197504802,-1.83820802523,2.29656101178,-1.39279398899,2.73260761861,-1.82884059582,2.78496182006,-1.88119479728
147,7.35,2.71108834235,2.98879647176,0.277708129412,2.26825417492,0.720542296837,2.7701322597,0.218664212055,2.74403733479,0.244759136965,2.27523710418,0.713559367581,2.82224210896,0.1665543628,2.78496182006,0.203834651693
148,7.4,2.72029410175,1.44839394843,-1.27190015331,2.35936428544,-0.91097033701,2.76166214022,-1.31326819179,2.73099880235,-1.28260485392,2.27523710418,-0.826843155744,2.82224210896,-1.37384816052,2.78496182006,-1.33656787163
149,7.45,2.72946881279,2.27523710418,-0.454231708615,2.34094991997,-0.0657128157955,2.76212648109,-0.486889376913,2.72046319482,-0.445226090639,2.27523710418,0,2.82224210896,-0.547005004781,2.7716461626,-0.496409058422
150,7.5,2.73861278753,1.39925814468,-1.33935464284,2.36249843732,-0.963240292636,2.78671156945,-1.38745342477,2.73113796435,-1.33187981967,2.27523710418,-0.875978959494,2.82856285434,-1.42930470966,2.78496182006,-1.38570367538
151,7.55,2.74772633281,1.45904871898,-1.28867761383,2.46994119337,-1.0108924744,2.78558813702,-1.32653941805,2.73937550411,-1.28032678513,2.27523710418,-0.8161883852,2.82856285434,-1.36951413536,2.80865885772,-1.34961013874
152,7.6,2.75680975042,4.17483252728,1.41802277687,2.54886608091,1.62596644638,2.78422855824,1.39060396904,2.73982888122,1.43500364606,2.33485456575,1.83997796153,2.82856285434,1.34626967295,2.80865885772,1.36617366957
153,7.65,2.76586333719,4.69717821663,1.93131487944,2.60301265064,2.09416556599,2.78578455523,1.91139366139,2.76661246097,1.93056575565,2.41069645525,2.28648176137,2.82856285434,1.86861536229,2.82224210896,1.87493610767
154,7.7,2.7748873851,2.05247674766,-0.722410637441,2.69272602377,-0.640249276105,2.7609356623,-0.708458914641,2.78469417939,-0.732217431731,2.51650232118,-0.46402557352,2.82856285434,-0.776086106677,2.82856285434,-0.776086106677
155,7.75,2.78388218142,0.928332257329,-1.85554992409,2.6334792734,-1.70514701608,2.75912280572,-1.83079054839,2.80125118835,-1.87291893102,2.51650232118,-1.58817006385,2.82856285434,-1.90023059701,2.82856285434,-1.90023059701
156,7.8,2.79284800875,3.53597651506,0.743128506311,2.72378397038,0.81219254468,2.79543312277,0.740543392297,2.79607132266,0.739905192403,2.52942117494,1.00655534013,2.87525613879,0.660720376276,2.82856285434,0.707413660726
157,7.85,2.80178514522,1.80148829275,-1.00029685247,2.82870286364,-1.02721457089,2.80347275692,-1.00198446417,2.80046740163,-0.998979108885,2.73260761861,-0.931119325858,2.87525613879,-1.07376784604,2.87525613879,-1.07376784604
158,7.9,2.81069386451,4.20987333274,1.39917946823,2.90577162245,1.30410171028,2.82145513049,1.38841820225,2.8314290111,1.37844432164,2.73260761861,1.47726571413,2.87525613879,1.33461719395,2.90320399606,1.30666933668
159,7.95,2.81957443597,2.51650232118,-0.303072114794,3.03490119196,-0.518398870781,2.77862731618,-0.262124995004,2.84679845402,-0.330296132839,3.06799409048,-0.551491769301,2.82856285434,-0.312060533157,2.98211970776,-0.465617386584
160,8,2.82842712475,3.28108171863,0.452654593885,3.04404240414,0.237039314489,2.75120614683,0.529875571805,2.88350445179,0.397577266846,3.06799409048,0.21308762815,2.82224210896,0.458839609674,2.98879647176,0.292285246874
161,8.05,2.83725219182,4.56766529723,1.73041310541,3.1118035453,1.45586175194,2.79760808647,1.77005721076,2.88687125304,1.68079404419,3.06799409048,1.49967120675,2.82856285434,1.7391024429,2.98879647176,1.57886882548
162,8.1,2.84604989415,2.33485456575,-0.5111953284,3.20837570704,-0.873521141291,2.80631265793,-0.471458092183,2.88314081785,-0.548286252101,3.10706378122,-0.772209215471,2.82856285434,-0.493708288586,2.98879647176,-0.653941906005
163,8.15,2.85482048472,2.73260761861,-0.122212866117,3.1538848709,-0.421277252298,2.84017581559,-0.107568196988,2.86978481616,-0.13717719755,3.06799409048,-0.335386471875,2.87525613879,-0.142648520181,2.90320399606,-0.170596377455
164,8.2,2.86356421266,4.29467729098,1.43111307832,3.00518442594,1.28949286504,2.85581839031,1.43885890067,2.85775172838,1.4369255626,3.03052496839,1.26415232259,2.87525613879,1.41942115219,2.87525613879,1.41942115219
165,8.25,2.87228132327,3.06799409048,0.195712767213,3.05837336448,0.00962072600621,2.86666877504,0.201325315442,2.87635164581,0.191642444672,3.06799409048,0,2.98879647176,0.0791976187249,2.90320399606,0.16479009442
166,8.3,2.88097205818,2.52942117494,-0.351550883242,3.17460582535,-0.645184650416,2.83963560722,-0.310214432288,2.87401326781,-0.34459209287,3.10706378122,-0.577642606288,2.98879647176,-0.459375296822,2.90320399606,-0.373782821127
167,8.35,2.88963665536,3.10706378122,0.217427125863,3.15994699643,-0.0528832152063,2.87167602245,0.235387758771,2.8783696117,0.228694169522,3.10706378122,0,2.98879647176,0.118267309466,2.98879647176,0.118267309466
168,8.4,2.89827534924,4.60724040679,1.70896505755,3.22094685473,1.38629355206,2.92554338536,1.68169702143,2.89500824794,1.71223215885,3.10706378122,1.50017662556,3.03052496839,1.5767154384,3.00312947043,1.60411093636
169,8.45,2.90688837075,4.16011490809,1.25322653734,3.15739365502,1.00272125307,2.90435187668,1.25576303141,2.9013267759,1.2587881322,3.08248531706,1.07762959104,3.03052496839,1.1295899397,3.03052496839,1.1295899397
170,8.5,2.91547594742,2.46720255997,-0.448273387449,3.14976139675,-0.682558836772,2.87440650358,-0.407203943606,2.92452499693,-0.457322436954,3.08248531706,-0.615282757083,2.98879647176,-0.521593911783,3.05641592262,-0.589213362645
171,8.55,2.92403830344,2.82224210896,-0.101796194486,3.21070334713,-0.38846123817,2.92508834546,-0.102846236501,2.93777218855,-0.115530079593,3.08248531706,-0.2602432081,3.03052496839,-0.208282859432,3.06799409048,-0.245751981525
172,8.6,2.93257565972,3.48706411561,0.554488455882,3.08688901558,0.400175100021,2.96010289577,0.526961219835,2.95447753001,0.532586585591,3.06799409048,0.419070025123,3.03052496839,0.456539147216,3.08248531706,0.404578798548
173,8.65,2.94108823397,3.03052496839,0.0894367344183,3.17386166563,-0.143336697246,2.98682329792,0.0437016704678,2.97305955129,0.0574654171033,3.08248531706,-0.0519603486683,3.06799409048,-0.0374691220931,3.10706378122,-0.0765388128345
174,8.7,2.94957624075,1.57446887235,-1.3751073684,3.12655250373,-1.55208363138,3.03352248493,-1.45905361257,2.986156835,-1.41168796265,3.08248531706,-1.5080164447,3.08248531706,-1.5080164447,3.1237941052,-1.54932523284
175,8.75,2.95803989155,3.16944445693,0.211404565377,3.02722916763,0.142215289295,3.05952786487,0.109916592057,3.00634922223,0.163095234695,3.06799409048,0.101450366445,3.10706378122,0.0623806757034,3.12943120029,0.040013256632
176,8.8,2.96647939484,3.36921393572,0.402734540881,3.05329776566,0.315916170055,3.06785268219,0.301361253527,3.01571498212,0.353498953601,3.08248531706,0.286728618662,3.10706378122,0.262150154496,3.14127318697,0.227940748753
177,8.85,2.97489495613,3.22814110771,0.253246151578,3.14066335575,0.0874777519535,3.09019645032,0.137944657386,3.02234877181,0.205792335896,3.10706378122,0.121077326483,3.10706378122,0.121077326483,3.16944445693,0.0586966507799
178,8.9,2.98328677804,3.08248531706,0.0991985390218,3.18430708295,-0.101821765896,3.0699305809,0.0125547361544,3.01588719136,0.0665981256983,3.16944445693,-0.0869591398697,3.10706378122,-0.0245784641663,3.14127318697,-0.0587878699097
179,8.95,2.99165506033,2.87525613879,-0.116398921542,3.14115160198,-0.265895463192,3.02451384776,-0.149257708969,3.03051739265,-0.155261253859,3.16944445693,-0.294188318139,3.08248531706,-0.207229178269,3.16944445693,-0.294188318139
180,9,3,2.35622489745,-0.643775102545,3.10409529568,-0.747870398223,3.04563060173,-0.689405704275,3.0271966468,-0.670971749348,3.16944445693,-0.813219559472,3.10706378122,-0.750838883769,3.16944445693,-0.813219559472
181,9.05,3.0083217913,4.56086267664,1.55254088534,3.03102259575,1.52984008089,3.09520808556,1.46565459107,3.03066821782,1.53019445882,3.16944445693,1.39141821971,3.12943120029,1.43143147634,3.16944445693,1.39141821971
182,9.1,3.0166206258,1.96756433484,-1.04905629096,3.00670121457,-1.03913687973,3.09576135976,-1.12819702492,3.02704073685,-1.05947640201,3.16944445693,-1.20188012209,3.12943120029,-1.16186686545,3.14127318697,-1.17370885213
183,9.15,3.02489669245,4.16128021681,1.13638352435,3.04744888346,1.11383133334,3.14705183283,1.01422838397,3.02164081548,1.13963940132,3.16944445693,0.991835759879,3.14127318697,1.02000702984,3.14127318697,1.02000702984
184,9.2,3.03315017762,1.73911521868,-1.29403495894,2.96646814748,-1.2273529288,3.13498340507,-1.39586818639,3.02205657368,-1.28294135499,3.16944445693,-1.43032923825,3.14127318697,-1.40215796829,3.14127318697,-1.40215796829
185,9.25,3.04138126515,2.20888723286,-0.832494032293,3.0241106688,-0.815223435942,3.18536242602,-0.97647519316,3.03532359794,-0.826436365082,3.16944445693,-0.960557224071,3.16944445693,-0.960557224071,3.16944445693,-0.960557224071
186,9.3,3.0495901364,3.61543464916,0.565844512763,3.02641314581,0.58902150335,3.18425935666,0.431175292501,3.04126405833,0.574170590824,3.21779647417,0.397638174991,3.16944445693,0.445990192232,3.17473983125,0.440694817912
187,9.35,3.05777697028,4.3640985668,1.30632159652,2.99404624833,1.37005231847,3.15742359797,1.20667496883,3.05814845631,1.30595011049,3.08248531706,1.28161324974,3.16944445693,1.19465410987,3.17778619115,1.18631237565
188,9.4,3.06594194335,4.02358205243,0.957640109079,3.04754128994,0.976040762491,3.17848828268,0.845093769753,3.04483579335,0.978746259081,3.08248531706,0.941096735373,3.19904160414,0.824540448295,3.17473983125,0.848842221184
189,9.45,3.07408522979,3.70097530634,0.626890076551,3.08313972655,0.617835579793,3.1872172743,0.513758032044,3.02108904123,0.679886265105,3.21779647417,0.483178832172,3.19904160414,0.501933702204,3.16944445693,0.531530849413
190,9.5,3.08220700148,3.38193247576,0.299725474272,3.11772331428,0.264209161477,3.18461107624,0.197321399518,3.0047549359,0.377177539855,3.38193247576,0,3.19904160414,0.182890871621,3.14127318697,0.24065928879
191,9.55,3.09030742807,0.932675861445,-2.15763156663,3.09237088241,-2.15969502096,3.19588017786,-2.26320431641,3.0327603079,-2.10008444645,3.38193247576,-2.44925661431,3.21779647417,-2.28512061272,3.16944445693,-2.23676859548
192,9.6,3.09838667697,2.31149310422,-0.786893572744,2.99892889273,-0.687435788512,3.19663743721,-0.885144332985,3.01788358665,-0.706390482428,3.21779647417,-0.906303369945,3.21779647417,-0.906303369945,3.14127318697,-0.829780082745
193,9.65,3.1064449134,4.34276516234,1.23632024894,3.05481979045,1.28794537189,3.17502657167,1.16773859067,3.01369800994,1.3290671524,3.21779647417,1.12496868817,3.21779647417,1.12496868817,3.14127318697,1.20149197537
194,9.7,3.11448230048,1.32992951271,-1.78455278776,2.97004096233,-1.64011144962,3.12330930315,-1.79337979043,3.03391303457,-1.70398352186,3.14127318697,-1.81134367425,3.19904160414,-1.86911209142,3.16944445693,-1.83951494421
195,9.75,3.1224989992,2.78496182006,-0.337537179135,3.03624648526,-0.2512846652,3.1235262231,-0.338564403034,3.03411180698,-0.249149986915,3.14127318697,-0.356311366902,3.19904160414,-0.414079784071,3.16944445693,-0.384482636862
196,9.8,3.1304951685,3.21779647417,0.0873013056674,3.09567013765,0.12212633652,3.13507942629,0.0827170478799,3.05486363146,0.162932842707,3.21779647417,0,3.19904160414,0.018754870032,3.17473983125,0.0430566429208
197,9.85,3.1384709653,2.68950908869,-0.448961876601,3.09323008289,-0.403720994191,3.14429454239,-0.454785453695,3.07663693904,-0.387127850343,3.21779647417,-0.528287385473,3.21779647417,-0.528287385473,3.17473983125,-0.485230742552
198,9.9,3.14642654451,4.35153698146,1.20511043695,3.09576359967,1.25577338179,3.14262501724,1.20891196422,3.10562779106,1.2459091904,3.21779647417,1.13374050729,3.21779647417,1.13374050729,3.17778619115,1.17375079031
199,9.95,3.15436205912,3.8300524858,0.675690426687,3.07532557416,0.754726911643,3.14445382384,0.685598661962,3.12219405802,0.707858427779,3.21779647417,0.612256011637,3.21779647417,0.612256011637,3.19904160414,0.631010881669
200,10,3.16227766017,3.60151148121,0.439233821038,3.14127114955,0.460240331655,3.18539678357,0.416114697638,3.11055407767,0.490957403536,3.21779647417,0.383715007039,3.22482518141,0.376686299801,3.17778619115,0.423725290054
201,10.05,3.17017349683,1.82382382813,-1.3463496687,3.13378984982,-1.30996602169,3.20642893996,-1.38260511183,3.12711064368,-1.30328681555,3.21779647417,-1.39397264604,3.22814110771,-1.40431727958,3.17778619115,-1.35396236303
202,10.1,3.17804971641,2.59858089351,-0.579468822903,3.24171202804,-0.643131134532,3.21092583929,-0.612344945779,3.15274090349,-0.554160009983,3.21779647417,-0.619215580656,3.22814110771,-0.629560214195,3.19904160414,-0.600460710624
203,10.15,3.18590646441,3.14127318697,-0.044633277448,3.29398157002,-0.152708383058,3.23413983697,-0.092866650008,3.15477253811,-0.0134993511409,3.22482518141,-0.0835519944383,3.29221303016,-0.150939843189,3.21430791384,-0.0730347268693
204,10.2,3.19374388453,2.38092482619,-0.812819058341,3.23850638092,-0.857581554727,3.24838087421,-0.867456048019,3.18134880627,-0.80042398008,3.21779647417,-0.836871647974,3.38193247576,-1.00100764956,3.21779647417,-0.836871647974
205,10.25,3.20156211872,3.12943120029,-0.0721309184217,3.37335550841,-0.24392430812,3.27504623059,-0.145615030292,3.17465002737,-0.0452188270724,3.22482518141,-0.0953939811103,3.4019183329,-0.27248713261,3.21779647417,-0.0883652738724
206,10.3,3.20936130718,3.4567839329,0.247422625728,3.4142010538,0.0425828791069,3.29646403255,0.16031990035,3.19235567497,0.264428257932,3.40915348582,0.0476304470806,3.40915348582,0.0476304470806,3.22482518141,0.231958751499
207,10.35,3.21714158843,3.56419349915,0.347051910721,3.38326033606,0.180933163089,3.27367345206,0.290520047088,3.20355970449,0.360633794656,3.40915348582,0.155040013327,3.4019183329,0.162275166246,3.22482518141,0.339368317745
208,10.4,3.22490309932,4.41730241937,1.19239932005,3.35066036225,1.06664205712,3.2889224971,1.12837992227,3.19939532729,1.21790709207,3.40915348582,1.00814893355,3.4019183329,1.01538408646,3.22482518141,1.19247723796
209,10.45,3.23264597505,3.59438351666,0.361737541613,3.23723763515,0.357145881511,3.26957856797,0.324804948694,3.19139292913,0.402990587532,3.22482518141,0.369558335256,3.39854307154,0.195840445125,3.22482518141,0.369558335256
210,10.5,3.2403703492,5.08583238952,1.84546204032,3.25348169895,1.83235069058,3.26581164528,1.82002074424,3.20283195767,1.88300043185,3.22482518141,1.86100720812,3.39854307154,1.68728931798,3.22814110771,1.85769128181
211,10.55,3.24807635378,3.22482518141,-0.0232511723773,3.22752476758,-0.00269958617906,3.29724235391,-0.0724171725025,3.23391846262,-0.0090932812152,3.19904160414,0.0257835772699,3.4019183329,-0.177093151499,3.28108171863,-0.0562565372264
212,10.6,3.25576411922,3.19904160414,-0.0567225150848,3.29744806292,-0.0984064587838,3.28311283604,-0.0840712319016,3.24088111079,-0.0418395066512,3.22482518141,-0.0257835772699,3.39854307154,-0.199501467401,3.28108171863,-0.0820401144963
213,10.65,3.26343377442,3.40915348582,0.145719711407,3.3357022267,0.0734512591237,3.24467439745,0.164479088377,3.25858579447,0.150567691349,3.29221303016,0.116940455667,3.38193247576,0.0272210100666,3.29221303016,0.116940455667
214,10.7,3.27108544676,3.17778619115,-0.0932992556076,3.33486988947,-0.157083698321,3.24791198147,-0.0701257903182,3.25262873352,-0.0748425423669,3.29221303016,-0.114426839005,3.38193247576,-0.204146284605,3.29221303016,-0.114426839005
215,10.75,3.27871926215,4.1617611901,0.883041927945,3.39590012719,0.765861062902,3.25223247107,0.909528719026,3.24642309599,0.915338094106,3.4019183329,0.759842857192,3.38193247576,0.779828714339,3.29221303016,0.86954815994
216,10.8,3.28633534503,3.6427182731,0.356382928066,3.44888361446,0.193834658642,3.25196766981,0.390750603287,3.24277833947,0.399939933623,3.40915348582,0.233564787273,3.36842761145,0.274290661645,3.29221303016,0.350505242941
217,10.85,3.2939338184,2.56804140172,-0.725892416676,3.45563465583,-0.887593254103,3.30096836211,-0.732926960382,3.23752905983,-0.669487658101,3.40915348582,-0.841112084099,3.39854307154,-0.830501669812,3.29221303016,-0.724171628432
218,10.9,3.30151480384,2.00490963863,-1.29660516521,3.49600901252,-1.49109937388,3.29028170469,-1.28537206605,3.24529961878,-1.24038998015,3.40915348582,-1.40424384719,3.39854307154,-1.3936334329,3.29221303016,-1.28730339152
219,10.95,3.30907842155,1.96965971238,-1.33941870917,3.46703166951,-1.49737195712,3.23037345177,-1.26071373939,3.25750720195,-1.28784748957,3.40915348582,-1.43949377344,3.36842761145,-1.39876789907,3.32220891571,-1.35254920332
220,11,3.31662479036,4.1711778255,0.854553035146,3.49754623128,0.673631594222,3.23947838639,0.931699439116,3.24773622472,0.923441600781,3.40915348582,0.762024339679,3.36842761145,0.802750214051,3.29221303016,0.878964795346
221,11.05,3.32415402772,3.05641592262,-0.2677381051,3.41957958405,-0.363163661435,3.27031309616,-0.21389717354,3.26308420696,-0.206668284339,3.40915348582,-0.352737563204,3.39854307154,-0.342127148917,3.32220891571,-0.265792993088
222,11.1,3.33166624979,3.29221303016,-0.0394532196353,3.42785186454,-0.13563883438,3.25170629008,0.0405067400785,3.26923473018,0.0229782999721,3.40915348582,-0.116940455667,3.39854307154,-0.10633004138,3.32220891571,-0.0299958855503
223,11.15,3.33916157141,3.4019183329,0.0627567614917,3.40624348489,-0.00432515198694,3.23489164122,0.16702669168,3.2801275209,0.121790812001,3.40915348582,-0.00723515291875,3.39854307154,0.00337526136807,3.36458502885,0.0373333040568
224,11.2,3.34664010614,3.1237941052,-0.222846000941,3.39508092991,-0.271286824717,3.25049036178,-0.12669625659,3.26587937595,-0.142085270759,3.4019183329,-0.27812422771,3.39854307154,-0.274748966341,3.32220891571,-0.198414810512
225,11.25,3.35410196625,3.66255981835,0.308457852104,3.31742454755,0.345135270802,3.23128593249,0.431273885868,3.27673243022,0.385827388131,3.4019183329,0.260641485449,3.36842761145,0.294132206902,3.32220891571,0.340350902647
226,11.3,3.36154726279,4.24208443277,0.880537169977,3.30076227054,0.941322162229,3.25115472574,0.990929707026,3.29492280554,0.947161627235,3.4019183329,0.840166099866,3.36842761145,0.87365682132,3.36458502885,0.877499403923
227,11.35,3.36897610558,3.59855580173,0.229579696147,3.26514850695,0.333407294779,3.27606541673,0.322490384998,3.30711085453,0.291444947199,3.39854307154,0.200012730196,3.36842761145,0.230128190281,3.36842761145,0.230128190281
228,11.4,3.37638860323,4.41205498961,1.03566638638,3.25732454491,1.1547304447,3.31949548213,1.09255950748,3.3044255505,1.1076294391,3.39854307154,1.01351191807,3.39854307154,1.01351191807,3.36458502885,1.04746996076
229,11.45,3.38378486314,3.80877821615,0.424993353016,3.36131450676,0.447463709392,3.34122644098,0.46755177517,3.30593851745,0.502839698699,3.4019183329,0.406859883249,3.4019183329,0.406859883249,3.36458502885,0.444193187306
230,11.5,3.39116499156,4.23518931392,0.844024322359,3.45425072408,0.780938589846,3.35376003319,0.881429280731,3.3322285431,0.902960770818,3.44853279777,0.786656516148,3.4019183329,0.833270981017,3.36842761145,0.86676170247
231,11.55,3.39852909359,3.44853279777,0.0500037041805,3.41602452341,0.0325082743678,3.3408457227,0.107687075076,3.34329564988,0.10523714789,3.4019183329,0.0466144648693,3.4019183329,0.0466144648693,3.36921393572,0.0793188620543
232,11.6,3.40587727319,3.39854307154,-0.00733420164883,3.43389572559,-0.0353526540582,3.34657007426,0.0519729972788,3.3541681983,0.0443748732368,3.43171116858,-0.0331680970433,3.4019183329,-0.00337526136807,3.38193247576,0.0166105957798
233,11.65,3.41320963318,2.74526563159,-0.667944001589,3.36124146586,-0.615975834277,3.33970957258,-0.594443940999,3.36498416052,-0.619718528935,3.43171116858,-0.686445536994,3.39854307154,-0.65327743995,3.39854307154,-0.65327743995
234,11.7,3.4205262753,3.17473983125,-0.245786444051,3.26055222447,-0.0858123932226,3.33933814701,-0.164598315759,3.38180063526,-0.207060804014,3.43171116858,-0.256971337333,3.39854307154,-0.22380324029,3.4019183329,-0.227178501658
235,11.75,3.4278273002,1.54700216159,-1.88082513861,3.19724208508,-1.65023992349,3.29889283581,-1.75189067421,3.37811588132,-1.83111371973,3.43171116858,-1.88470900699,3.36842761145,-1.82142544986,3.4019183329,-1.85491617131
236,11.8,3.43511280746,3.81185337288,0.376740565421,3.23033599938,0.581517373509,3.26514288756,0.546710485325,3.3801575704,0.431695802483,3.43171116858,0.380142204305,3.36458502885,0.447268344037,3.4019183329,0.40993503998
237,11.85,3.44238289561,2.89482923774,-0.547553657868,3.13637242467,-0.24154318693,3.25490506039,-0.360075822648,3.37743058646,-0.482601348716,3.39854307154,-0.503713833792,3.36458502885,-0.469755791104,3.4019183329,-0.50708909516
238,11.9,3.44963766213,2.40373819871,-1.04589946342,3.05224891017,-0.648510711464,3.26497457126,-0.861236372548,3.4133218468,-1.0095836481,3.36842761145,-0.964689412744,3.36842761145,-0.964689412744,3.40915348582,-1.00541528712
239,11.95,3.45687720349,4.18869883761,0.731821634123,3.08724970733,1.10144913028,3.27281297389,0.915885863719,3.40345508618,0.785243751435,3.36842761145,0.82027122616,3.36842761145,0.82027122616,3.4019183329,0.786780504707
240,12,3.46410161514,3.92132027598,0.457218660838,3.04162343949,0.879696836481,3.27564479202,0.645675483954,3.39298270497,0.528337571007,3.17473983125,0.746580444729,3.36842761145,0.552892664524,3.4019183329,0.519401943071
241,12.05,3.47131099154,3.36842761145,-0.102883380091,3.05970108823,0.308726523217,3.27990308843,0.0885245230253,3.41493374759,-0.0465061361419,3.17473983125,0.193687780205,3.36842761145,0,3.40915348582,-0.040725874372
242,12.1,3.47850542619,3.43171116858,-0.0467942576055,3.04283138685,0.388879781735,3.29296411173,0.138747056852,3.42256222613,0.00914894244854,3.0942690686,0.337442099981,3.36842761145,0.0632835571284,3.40915348582,0.0225576827564
243,12.15,3.48568501159,1.76647357579,-1.7192114358,3.11021096575,-1.34373738996,3.31646738193,-1.54999380614,3.42355529446,-1.65708171867,3.0942690686,-1.32779549281,3.39854307154,-1.63206949575,3.40915348582,-1.64267991004
244,12.2,3.49284983931,1.28744426363,-2.20540557568,3.18184365418,-1.89439939055,3.34673659621,-2.05929233257,3.43769787611,-2.15025361248,3.17473983125,-1.88729556761,3.4019183329,-2.11447406927,3.40915348582,-2.12170922219
245,12.25,3.5,1.79428117813,-1.70571882187,3.17448166358,-1.38020048546,3.34395261274,-1.54967143461,3.43994632869,-1.64566515056,3.0942690686,-1.29998789047,3.4019183329,-1.60763715478,3.40915348582,-1.6148723077
246,12.3,3.50713558335,4.35753201847,0.85039643512,3.21847210185,1.13905991662,3.31856704254,1.03896497593,3.44573884597,0.911793172498,3.0942690686,1.26326294987,3.39854307154,0.958988946934,3.43171116858,0.925820849891
247,12.35,3.51425667816,2.26884936403,-1.24540731413,3.21546602993,-0.9466166659,3.33677448045,-1.06792511643,3.49057254999,-1.22172318597,3.0942690686,-0.825419704573,3.4019183329,-1.13306896888,3.44853279777,-1.17968343375
248,12.4,3.52136337233,1.83196199718,-1.68940137515,3.23067930022,-1.39871730304,3.33491513888,-1.5029531417,3.51015863041,-1.67819663323,3.21430791384,-1.38234591666,3.4019183329,-1.56995633573,3.4567839329,-1.62482193573
249,12.45,3.52845575288,5.14707173004,1.61861597716,3.32566127717,1.82141045286,3.34836084511,1.79871088493,3.50913530129,1.63793642875,3.36842761145,1.77864411858,3.43171116858,1.71536056146,3.4567839329,1.69028779713
250,12.5,3.53553390593,2.85062659152,-0.684907314414,3.19913622041,-0.348509628892,3.35005309438,-0.499426502865,3.53822059719,-0.687594005668,3.21430791384,-0.363681322317,3.43171116858,-0.581084577061,3.54863956665,-0.69801297513
251,12.55,3.54259791678,4.61481993746,1.07222202067,3.17262501817,1.44219491929,3.37179937479,1.24302056267,3.55070137958,1.06411855788,3.21430791384,1.40051202362,3.43171116858,1.18310876888,3.56419349915,1.05062643831
252,12.6,3.54964786986,3.0942690686,-0.455378801261,3.14092351266,-0.0466544440637,3.35160417518,-0.257335106584,3.54638332891,-0.452114260312,3.0942690686,0,3.39854307154,-0.304274002938,3.56419349915,-0.469924430551
253,12.65,3.55668384876,4.81351422852,1.25683037977,3.15429853598,1.65921569255,3.36567491537,1.44783931316,3.56181893549,1.25169529303,3.0942690686,1.71924515993,3.39854307154,1.41497115699,3.59438351666,1.21913071186
254,12.7,3.56370593624,4.24955208868,0.685846152437,3.25155750953,0.997994579152,3.33849141199,0.911060676688,3.57465657655,0.674895512131,3.21430791384,1.03524417484,3.36842761145,0.881124477227,3.59438351666,0.655168572017
255,12.75,3.57071421427,3.0201380287,-0.550576185575,3.34845106439,-0.328313035691,3.36900172014,-0.348863691445,3.57604276431,-0.555904735616,3.32220891571,-0.30207088701,3.36842761145,-0.348289582755,3.59438351666,-0.574245487965
256,12.8,3.577708764,2.47080136518,-1.10690739882,3.4715297848,-1.00072841962,3.37392613006,-0.903124764879,3.57957658659,-1.10877522141,3.36458502885,-0.893783663667,3.36842761145,-0.89762624627,3.59438351666,-1.12358215148
257,12.85,3.58468966579,3.74872586247,0.164036196684,3.46921066304,0.279515199434,3.38817285064,0.360553011826,3.60836695587,0.140358906598,3.36458502885,0.384140833623,3.36842761145,0.380298251019,3.59855580173,0.150170060739
258,12.9,3.59165699921,3.21430791384,-0.377349085378,3.54053727342,-0.326229359585,3.38406407215,-0.169756158315,3.61417846688,-0.399870553049,3.71258665816,-0.498278744327,3.36458502885,-0.150277115012,3.59855580173,-0.384247887896
259,12.95,3.59861084309,4.3983597148,0.799748871716,3.62228382435,0.776075890457,3.39295032055,1.00540939425,3.63009585653,0.768263858279,3.71258665816,0.685773056642,3.36458502885,1.03377468596,3.6427182731,0.755641441708
260,13,3.60555127546,1.5316726456,-2.07387862986,3.46421738747,-1.93254474186,3.4187919262,-1.8871192806,3.6647114982,-2.1330388526,3.54863956665,-2.01696692105,3.36842761145,-1.83675496585,3.66255981835,-2.13088717275
261,13.05,3.61247837364,3.36458502885,-0.24789334479,3.46545010908,-0.10086508023,3.47469175263,-0.110106723783,3.67509214213,-0.310507113282,3.54863956665,-0.184054537801,3.43171116858,-0.067126139732,3.71258665816,-0.348001629315
262,13.1,3.61939221417,2.70269599586,-0.916696218311,3.43545845759,-0.732762461731,3.48967632983,-0.786980333967,3.66611375745,-0.963417761591,3.54863956665,-0.845943570789,3.43171116858,-0.72901517272,3.71258665816,-1.0098906623
263,13.15,3.62629287289,3.71258665816,0.086293785269,3.4403688167,0.272217841464,3.51975248035,0.192834177817,3.67109381826,0.0414928398996,3.54863956665,0.163947091514,3.54863956665,0.163947091514,3.74872586247,-0.0361392043078
264,13.2,3.63318042492,3.80891202035,0.175731595432,3.40580382251,0.403108197839,3.56966181004,0.239250210308,3.66389740844,0.145014611911,3.54863956665,0.2602724537,3.71258665816,0.0963253621865,3.71258665816,0.0963253621865
265,13.25,3.64005494464,3.32220891571,-0.317846028934,3.35630604773,-0.0340971320231,3.53588827306,-0.213679357354,3.66892026094,-0.346711345231,3.36458502885,-0.0423761131412,3.54863956665,-0.226430650942,3.74872586247,-0.426516946764
266,13.3,3.64691650576,4.37893430673,0.732017800966,3.43970995678,0.939224349943,3.50964380462,0.869290502113,3.64489423,0.734040076733,3.54863956665,0.830294740079,3.43171116858,0.947223138148,3.71258665816,0.666347648565
267,13.35,3.65376518129,4.3088304615,0.655065280211,3.47501128478,0.833819176723,3.52708968398,0.781740777516,3.6433624861,0.665467975402,3.54863956665,0.760190894851,3.54863956665,0.760190894851,3.71258665816,0.596243803337
268,13.4,3.66060104354,3.76670818211,0.106107138564,3.50203212709,0.264676055016,3.57649719505,0.190210987059,3.65229829181,0.114409890302,3.54863956665,0.21806861546,3.71258665816,0.0541215239457,3.74872586247,0.0179823196379
269,13.45,3.66742416418,3.54863956665,-0.11878459753,3.4930506225,0.0555889441478,3.6019794737,-0.0533399070556,3.66299460443,-0.11435503778,3.54863956665,0,3.71258665816,-0.163947091514,3.76670818211,-0.21806861546
270,13.5,3.67423461417,1.82767655551,-1.84655805867,3.53907177569,-1.71139522019,3.58804293725,-1.76036638175,3.69330469657,-1.86562814107,3.54863956665,-1.72096301114,3.71258665816,-1.88491010266,3.80877821615,-1.98110166065
271,13.55,3.68103246386,2.87651374537,-0.804518718495,3.67976994589,-0.803256200528,3.64394826639,-0.767434521025,3.69648138222,-0.819967636853,3.71258665816,-0.836072912797,3.74872586247,-0.872212117105,3.80877821615,-0.932264470788
272,13.6,3.68781778292,3.98499525623,0.297177473308,3.71836663726,0.266628618964,3.64600049675,0.338994759474,3.71720052164,0.267794734583,3.76670818211,0.218287074117,3.74872586247,0.236269393755,3.80891202035,0.176083235876
273,13.65,3.69459064038,3.19738660986,-0.497204030517,3.74152375024,-0.544137140372,3.68924519846,-0.491858588595,3.71688977795,-0.519503168084,3.76670818211,-0.569321572244,3.76670818211,-0.569321572244,3.80891202035,-0.611525410484
274,13.7,3.70135110466,4.08764935056,0.386298245895,3.71704173318,0.370607617378,3.76299905373,0.324650296829,3.72828433587,0.359365014689,3.76670818211,0.320941168451,3.80891202035,0.27873733021,3.80891202035,0.27873733021
275,13.75,3.70809924355,3.2100988183,-0.498000425251,3.74960124266,-0.539502424362,3.7395379128,-0.529439094499,3.73776085506,-0.52766203676,3.76670818211,-0.556609363812,3.80891202035,-0.598813202052,3.80891202035,-0.598813202052
276,13.8,3.7148351242,4.77162011886,1.05678499466,3.80082430903,0.970795809826,3.76256291873,1.00905720013,3.75417462603,1.01744549283,3.98499525623,0.786624862631,3.95055354235,0.821066576506,3.80891202035,0.962708098507
277,13.85,3.72155881319,3.21212925301,-0.509429560173,3.81021157109,-0.598082318072,3.78794325344,-0.575814000429,3.76027993042,-0.548150677412,3.98499525623,-0.772866003213,3.95055354235,-0.738424289338,3.80891202035,-0.596782767336
278,13.9,3.72827037646,4.3161635511,0.58789317464,3.81592025931,0.50024329179,3.81522323309,0.500940318015,3.76151357079,0.554649980314,3.98499525623,0.331168294876,3.98499525623,0.331168294876,3.80891202035,0.507251530752
279,13.95,3.7349698794,3.02569631741,-0.709273561986,3.87222529888,-0.846528981474,3.8037656135,-0.778069296091,3.76501342032,-0.739317102912,4.08764935056,-1.06195303315,3.98499525623,-0.959298938815,3.80891202035,-0.783215702939
280,14,3.74165738677,5.36480393187,1.62314654509,3.82068286484,1.54412106703,3.80982140309,1.55498252878,3.80723891224,1.55756501962,4.08764935056,1.27715458131,3.98499525623,1.37980867564,3.81185337288,1.55295055898
281,14.05,3.7483329628,4.48633421979,0.738001256995,3.85664361863,0.629690601159,3.83237416067,0.65396005912,3.80473395672,0.681600263069,4.08764935056,0.398684869233,4.02490189421,0.461432325587,3.81185337288,0.674480846908
282,14.1,3.7549966711,4.17511554758,0.420118876473,3.92243665263,0.252678894949,3.83762301332,0.337492534257,3.806058118,0.369057429573,4.17511554758,0,4.02490189421,0.150213653371,3.81185337288,0.363262174692
283,14.15,3.76164857476,3.18899536833,-0.572653206429,4.01607946104,-0.827084092709,3.8504492007,-0.661453832372,3.81270972824,-0.623714359911,4.25816745923,-1.0691720909,4.08764935056,-0.898653982227,3.92132027598,-0.732324907644
284,14.2,3.76828873628,3.1984643,-0.569824436283,4.00982627901,-0.81136197901,3.90068855806,-0.702224258055,3.80196585915,-0.603501559151,4.25816745923,-1.05970315923,4.17032866546,-0.971864365459,3.81185337288,-0.613389072885
285,14.25,3.77491721764,4.49266171937,0.717744501739,3.84263730539,0.650024413982,3.89256227596,0.600099443419,3.80253747957,0.690124239802,4.25816745923,0.234494260145,4.08764935056,0.405012368815,3.87222808293,0.620433636447
286,14.3,3.78153408024,4.39789330952,0.616359229279,3.91098750282,0.486905806701,3.94083861142,0.457054698093,3.79162238904,0.606270920472,4.3161635511,0.0817297584151,4.08764935056,0.310243958957,3.81185337288,0.586039936632
287,14.35,3.78813938498,4.57606680988,0.787927424902,3.89625300986,0.679813800013,3.97328899945,0.602777810431,3.80368207715,0.772384732732,4.3161635511,0.259903258776,4.17032866546,0.405738144418,3.87222808293,0.70383872695
288,14.4,3.7947331922,4.42871291424,0.633979722043,3.95635776692,0.472355147328,3.98389610964,0.444816804602,3.80704334104,0.621669573202,4.39789330952,0.0308196047285,4.17032866546,0.258384248786,3.87222808293,0.556484831317
289,14.45,3.80131556175,4.94911401315,1.1477984514,4.01717896048,0.931935052667,4.00733761511,0.941776398039,3.82814576138,1.12096825177,4.42871291424,0.520401098907,4.17511554758,0.773998465575,3.92132027598,1.02779373718
290,14.5,3.80788655293,2.46624845162,-1.34163810131,4.06121978072,-1.5949713291,4.05467779221,-1.58842934059,3.84481759421,-1.37856914259,4.42871291424,-1.96246446262,4.22917562969,-1.76292717807,3.95055354235,-1.48430509073
291,14.55,3.81444622455,2.58285238527,-1.23159383929,3.99741492178,-1.41456253652,4.0734910032,-1.49063861793,3.86211682782,-1.27926444255,4.39789330952,-1.81504092425,4.25816745923,-1.67531507396,3.95055354235,-1.36770115708
292,14.6,3.82099463491,4.25816745923,0.43717282432,4.06517124502,0.19299621421,4.03586843314,0.222299026093,3.87022260647,0.387944852757,4.39789330952,-0.139725850287,4.22917562969,0.0289918295391,3.98391932771,0.274248131522
293,14.65,3.8275318418,5.95149423292,2.12396239112,4.0799537442,1.87154048872,4.03210666427,1.91938756865,3.88849085058,2.06300338234,4.42871291424,1.52278131868,4.17511554758,1.77637868534,3.98499525623,1.96649897669
294,14.7,3.83405790254,3.0660697872,-0.767988115334,4.1294861376,-1.0634163504,4.0292006397,-0.963130852495,3.89809130966,-0.832021522463,4.42871291424,-1.36264312704,4.17511554758,-1.10904576037,3.98499525623,-0.918925469024
295,14.75,3.84057287393,0.576680904583,-3.26389196935,4.19424485463,-3.61756395005,4.04102967063,-3.46434876604,3.91904787097,-3.34236696639,4.46219576688,-3.88551486229,4.17511554758,-3.59843464299,3.98499525623,-3.40831435164
296,14.8,3.84707681233,4.64545296419,0.79837615186,4.17889566159,0.466557302605,4.05262312944,0.592829834755,3.91844411376,0.727008850439,4.42871291424,0.216740049949,4.17511554758,0.470337416618,3.98499525623,0.660457707969
297,14.85,3.8535697736,4.46219576688,0.608625993277,4.0998765921,0.362319174781,4.0561189699,0.406076796979,3.91407809629,0.548117670587,4.42871291424,0.0334828526317,4.17511554758,0.2870802193,3.98499525623,0.477200510651
298,14.9,3.86005181312,4.47432915113,0.614277338005,4.09162871634,0.382700434786,4.06015663228,0.414172518848,3.91085848905,0.563470662081,4.40286141907,0.0714677320579,4.19091603778,0.283413113347,3.98499525623,0.489333894903
299,14.95,3.86652298584,5.59340861601,1.72688563017,4.15580977465,1.43759884135,4.08758913379,1.50581948222,3.93576534385,1.65764327216,4.40286141907,1.19054719694,4.22917562969,1.36423298632,3.99376575445,1.59964286156
300,15,3.87298334621,3.95055354235,0.0775701961431,4.10984812297,-0.159294580615,4.13571770377,-0.185164161415,3.95954108146,-0.00898753911092,4.25816745923,-0.307613916878,4.25816745923,-0.307613916878,3.99376575445,-0.0432122121023
301,15.05,3.87943294825,4.02490189421,0.145468945951,4.18258704215,-0.157685147943,4.16129171315,-0.136389818941,3.99279114204,0.0321107521688,4.25816745923,-0.233265565024,4.28168267634,-0.256780782133,4.02490189421,0
302,15.1,3.88587184555,5.90921700774,2.02334516219,4.29862049133,1.61059651641,4.18425098041,1.72496602733,3.99233025376,1.91688675398,4.40286141907,1.50635558867,4.28168267634,1.6275343314,4.02490189421,1.88431511353
303,15.15,3.89230009121,4.48554803046,0.593247939255,4.25031054641,0.235237484054,4.17094548234,0.314602548118,4.00937213223,0.476175898232,4.40286141907,0.0826866113893,4.28168267634,0.203865354122,4.08764935056,0.397898679901
304,15.2,3.89871773792,4.22917562969,0.330457891766,4.20062527042,0.028550359274,4.15042669836,0.0787489313316,4.02597721024,0.20319841945,4.40286141907,-0.173685789381,4.25816745923,-0.0289918295391,4.08764935056,0.14152627913
305,15.25,3.90512483795,4.55839735764,0.653272519691,4.35096771161,0.207429646038,4.15034546355,0.408051894097,4.01937533558,0.539022022068,4.46219576688,0.096201590768,4.25816745923,0.300229898416,4.08764935056,0.470748007085
306,15.3,3.91152144312,4.17032866546,0.258807222338,4.5273963674,-0.357067701945,4.16266511985,0.00766354560505,4.0299736207,0.140355044758,4.46219576688,-0.291867101418,4.25816745923,-0.08783879377,4.08764935056,0.0826793148996
307,15.35,3.91790760483,2.73849285016,-1.17941475467,4.42333590404,-1.68484305387,4.14791552163,-1.40942267147,4.04109517148,-1.30260232132,4.40286141907,-1.66436856891,4.22917562969,-1.49068277953,4.08764935056,-1.3491565004
308,15.4,3.92428337407,4.40286141907,0.478578045001,4.40689706987,-0.00403565079741,4.13328868953,0.269572729541,4.07476134122,0.32810007785,4.28168267634,0.121178742733,4.22917562969,0.173685789381,4.11698024936,0.285881169707
309,15.45,3.93064880141,5.77651513876,1.84586633736,4.366143345,1.41037179377,4.1450809692,1.63143416957,4.07023470228,1.70628043648,4.22917562969,1.54733950907,4.22917562969,1.54733950907,4.11698024936,1.6595348894
310,15.5,3.93700393701,3.98391932771,0.0469153907016,4.29750103681,-0.313581709102,4.23551938897,-0.251600061261,4.07914573304,-0.0952264053328,4.17032866546,-0.186409337752,4.25816745923,-0.274248131522,4.11698024936,-0.133060921656
311,15.55,3.94334883063,3.99376575445,0.0504169238268,4.22456719931,-0.230801444861,4.21379091909,-0.220025164642,4.09851294689,-0.104747192435,4.17032866546,-0.176562911006,4.22917562969,-0.235409875237,4.15192014406,-0.158154389608
312,15.6,3.94968353163,5.01955481806,1.06987128644,4.17837194763,0.841182870438,4.21361784116,0.805936976907,4.11018714408,0.909367673979,4.17032866546,0.849226152605,4.22917562969,0.790379188374,4.15192014406,0.867634674004
313,15.65,3.95600808897,3.24365861584,-0.712349473126,4.09654809191,-0.85288947607,4.2089279927,-0.965269376853,4.11285811168,-0.869199495833,4.17032866546,-0.926670049615,4.22917562969,-0.985517013846,4.15192014406,-0.908261528217
314,15.7,3.96232255123,4.90810343712,0.945780885892,4.10182886127,0.806274575855,4.18521765164,0.722885785483,4.11390217861,0.794201258509,4.17032866546,0.737774771665,4.19091603778,0.717187399342,4.15192014406,0.756183293063
315,15.75,3.9686269666,6.22326105221,2.25463408561,4.21197318458,2.01128786763,4.16410224124,2.05915881096,4.10863278896,2.11462826325,4.17032866546,2.05293238675,4.17032866546,2.05293238675,4.11698024936,2.10628080284
316,15.8,3.97492138287,4.28168267634,0.306761293468,4.20987680072,0.0718058756136,4.17503098269,0.10665169365,4.13010937443,0.151573301911,4.17032866546,0.111354010879,4.17032866546,0.111354010879,4.11698024936,0.164702426975
317,15.85,3.98120584748,2.46018323346,-1.52102261402,4.29426794757,-1.83408471411,4.21825266488,-1.75806943142,4.14814291019,-1.68795967673,4.19091603778,-1.73073280433,4.19091603778,-1.73073280433,4.15192014406,-1.69173691061
318,15.9,3.98748040748,4.11698024936,0.129499841889,4.28450870955,-0.167528460183,4.20871297674,-0.091732727378,4.16608522367,-0.0491049743079,4.19091603778,-0.073935788418,4.17032866546,-0.0533484160952,4.16049787447,-0.0435176251073
319,15.95,3.99374510954,3.61850092884,-0.3752441807,4.23054890711,-0.612047978267,4.19177454647,-0.573273617628,4.18078862295,-0.562287694104,4.15192014406,-0.533419215217,4.17032866546,-0.551827736616,4.17032866546,-0.551827736616
320,16,4,4.15192014406,0.151920144061,4.09936025012,0.0525598939364,4.23019108544,-0.0782709413834,4.19906767617,-0.0471475321135,4.11698024936,0.0349398946967,4.19091603778,-0.0389958937213,4.17511554758,-0.0231954035157
321,16.05,4.0062451248,2.41894295493,-1.58730216987,4.19503582516,-1.77609287023,4.28686826559,-1.86792531066,4.20204265984,-1.78309970491,4.15192014406,-1.73297718913,4.19091603778,-1.77197308285,4.17511554758,-1.75617259265
322,16.1,4.01248052955,3.05480160877,-0.957678920773,4.18267101355,-1.12786940477,4.28816516441,-1.23336355563,4.20013042777,-1.145328819,4.15192014406,-1.09711853529,4.19091603778,-1.13611442901,4.17032866546,-1.11552705668
323,16.15,4.01870625948,4.19091603778,0.1722097783,4.10693731318,0.0839787246032,4.29719278337,-0.106276745588,4.1876514648,0.00326457298548,4.11698024936,0.073935788418,4.19091603778,0,4.16667654688,0.0242394908974
324,16.2,4.0249223595,4.59644418691,0.571521827412,4.13297269487,0.463471492041,4.2774880776,0.31895610931,4.17713474517,0.419309441745,4.11698024936,0.479463937548,4.17032866546,0.426115521453,4.16667654688,0.429767640027
325,16.25,4.03112887415,6.5422064192,2.51107754505,4.27119746969,2.27100894951,4.29555608793,2.24665033127,4.18832987054,2.35387654866,4.11698024936,2.42522616984,4.17032866546,2.37187775374,4.17032866546,2.37187775374
326,16.3,4.03732584764,4.5143732967,0.477047449067,4.13601883653,0.378354460178,4.2936688268,0.220704469901,4.23067251335,0.283700783349,3.79040163138,0.723971665326,4.17032866546,0.344044631245,4.17511554758,0.339257749127
327,16.35,4.04351332383,5.94254274918,1.89902942535,4.14113234407,1.80141040511,4.27129427344,1.67124847574,4.24711572885,1.69542702032,3.79040163138,2.1521411178,4.17032866546,1.77221408372,4.19091603778,1.7516267114
328,16.4,4.04969134626,2.53354885171,-1.51614249455,4.23049907288,-1.69695022117,4.21570834711,-1.6821594954,4.25567176084,-1.72212290913,4.11698024936,-1.58343139765,4.15192014406,-1.61837129235,4.22917562969,-1.69562677798
329,16.45,4.05585995813,3.2697055679,-0.786154390231,4.18776122864,-0.918055660734,4.21660219864,-0.946896630738,4.26891207152,-0.999206503621,3.79040163138,-0.520696063474,4.15192014406,-0.882214576157,4.25816745923,-0.988461891325
330,16.5,4.06201920232,3.02155334205,-1.04046586026,4.19984347407,-1.17829013202,4.21066838509,-1.18911504304,4.26877555764,-1.24722221558,3.87222808293,-0.850674740873,4.11698024936,-1.09542690731,4.25816745923,-1.23661411717
331,16.55,4.06816912136,5.9931064035,1.92493728214,4.1461146227,1.8469917808,4.22883780753,1.76426859597,4.27370737998,1.71939902352,3.79040163138,2.20270477212,4.11698024936,1.87612615414,4.25816745923,1.73493894427
332,16.6,4.07430975749,3.73410471051,-0.340205046984,4.25888677613,-0.524782065623,4.23150535172,-0.497400641214,4.27765366689,-0.543548956384,3.87222808293,-0.13812337242,4.11698024936,-0.382875538856,4.25816745923,-0.524062748721
333,16.65,4.08044115262,3.42914711036,-0.651294042262,4.29302209782,-0.863874987461,4.25938780318,-0.830240692821,4.29110790752,-0.861960797159,3.87222808293,-0.443080972569,4.15192014406,-0.722773033702,4.28168267634,-0.85253556598
334,16.7,4.08656334834,3.79040163138,-0.296161716963,4.33572296693,-0.545321335552,4.2451184745,-0.454716843124,4.29279616011,-0.50239452873,3.87222808293,-0.0818264515501,4.11698024936,-0.326578617986,4.28168267634,-0.491281044961
335,16.75,4.09267638594,7.81082370827,3.71814732234,4.35614530445,3.45467840382,4.21840766085,3.59241604743,4.30151495524,3.50930875303,3.87222808293,3.93859562535,4.11698024936,3.69384345891,4.28168267634,3.52914103193
336,16.8,4.09878030638,3.38450975582,-0.714270550565,4.20971724126,-0.82520748544,4.21925309051,-0.834743334687,4.28536381928,-0.900854063459,3.79040163138,-0.405891875559,4.11698024936,-0.732470493545,4.25816745923,-0.87365770341
337,16.85,4.10487515035,4.38906633473,0.284191184371,4.21910874159,0.169957593132,4.25563635168,0.133429983045,4.28670939449,0.102356940231,3.79040163138,0.598664703348,4.15192014406,0.237146190665,4.25816745923,0.130898875496
338,16.9,4.11096095822,4.33688453839,0.225923580175,4.17054024563,0.166344292764,4.29115907896,0.0457254594299,4.28240327462,0.0544812637696,3.79040163138,0.546482907016,4.15192014406,0.184964394333,4.25816745923,0.0787170791648
339,16.95,4.11703777005,3.21948552038,-0.897552249672,4.21510406969,-0.995618549313,4.31208846505,-1.09260294467,4.3003096637,-1.08082414332,3.79040163138,-0.570916111002,4.16049787447,-0.941012354096,4.28168267634,-1.06219715596
340,17,4.12310562562,3.87222808293,-0.25087754269,4.36963604945,-0.497407966524,4.31857028987,-0.44634220694,4.33465083204,-0.462422749115,3.87222808293,0,4.16049787447,-0.288269791543,4.30637341928,-0.434145336352
341,17.05,4.12916456441,3.02361426529,-1.10555029913,4.40929080577,-1.38567654048,4.29791612739,-1.2743018621,4.32256365102,-1.29894938574,3.87222808293,-0.848613817642,4.16049787447,-1.13688360919,4.28168267634,-1.25806841105
342,17.1,4.13521462563,4.78715817699,0.651943551362,4.26122858049,0.525929596495,4.28781719754,0.499340979449,4.31759007509,0.469568101903,3.85430322472,0.93285495227,4.15192014406,0.635238032928,4.25816745923,0.52899071776
343,17.15,4.14125584817,3.77164336423,-0.36961248394,4.22981096403,-0.458167599801,4.31889602169,-0.547252657462,4.31171546681,-0.540072102584,3.85430322472,-0.0826598604884,4.15192014406,-0.38027677983,4.22917562969,-0.45753226546
344,17.2,4.14728827067,5.0876342891,0.940346018438,4.28228655204,0.805347737059,4.30346894511,0.784165343989,4.30336815944,0.784266129666,3.87222808293,1.21540620618,4.15192014406,0.935714145043,4.19091603778,0.896718251322
345,17.25,4.15331193146,5.02531327483,0.872001343367,4.28876986192,0.73654341291,4.30729162226,0.718021652571,4.29491908431,0.73039419052,3.92655113869,1.09876213614,4.15192014406,0.873393130765,4.17032866546,0.854984609367
346,17.3,4.15932686862,3.4672170922,-0.692109776422,4.17801815685,-0.71080106466,4.30265737693,-0.835440284738,4.30305659678,-0.835839504583,3.92655113869,-0.459334046492,4.0452032652,-0.577986173007,4.17032866546,-0.703111573264
347,17.35,4.16533311993,4.71159480372,0.546261683793,4.22191642654,0.489678377181,4.36044883856,0.351145965161,4.33167204676,0.379922756963,4.30637341928,0.405221384445,4.16049787447,0.551096929253,4.19091603778,0.520678765943
348,17.4,4.17133072292,4.92260433394,0.751273611019,4.21103221415,0.711572119792,4.39259572452,0.530008609419,4.31315939745,0.609444936496,4.16049787447,0.762106459471,4.19091603778,0.73168829616,4.17032866546,0.752275668483
349,17.45,4.17731971484,3.46938915695,-0.70793055789,4.17951988644,-0.71013072949,4.41521823315,-0.945829076198,4.30991844262,-0.840529285672,3.92655113869,-0.457161981736,4.30637341928,-0.836984262328,4.17032866546,-0.700939508508
350,17.5,4.18330013267,6.51487714293,2.33157701026,4.23641408273,2.2784630602,4.43956024769,2.07531689524,4.32587566181,2.18900148111,4.16049787447,2.35437926846,4.30637341928,2.20850372365,4.19091603778,2.32396110514
351,17.55,4.18927201313,3.85430322472,-0.334968788412,4.24378589974,-0.389482675026,4.38289800619,-0.528594781473,4.35368194671,-0.499378721986,4.16049787447,-0.306194649753,4.16049787447,-0.306194649753,4.19091603778,-0.336612813063
352,17.6,4.19523539268,2.88379967272,-1.31143571996,4.37834293827,-1.49454326555,4.37608042286,-1.49228075014,4.34992358016,-1.46612390743,4.30637341928,-1.42257374656,4.16049787447,-1.27669820175,4.19091603778,-1.30711636506
353,17.65,4.20119030752,3.0743347648,-1.12685554272,4.47567892554,-1.40134416074,4.31688675271,-1.24255198791,4.34725247129,-1.27291770649,4.30637341928,-1.23203865448,4.0452032652,-0.970868500406,4.17032866546,-1.09599390066
354,17.7,4.20713679359,4.53113445863,0.323997665037,4.50136530372,0.029769154914,4.31817701647,0.212957442164,4.34781464241,0.183319816223,4.31105730601,0.220077152618,4.0452032652,0.485931193427,4.17032866546,0.36080579317
355,17.75,4.21307488659,3.92655113869,-0.286523747901,4.50855779009,-0.582006651408,4.34801217167,-0.421461032983,4.34077195365,-0.414220814963,4.31105730601,-0.384506167325,4.16049787447,-0.233946735784,4.17032866546,-0.243777526772
356,17.8,4.21900462195,5.48503790198,1.26603328003,4.51544281347,0.969595088509,4.41676033962,1.06827756236,4.33954472743,1.14549317455,4.31105730601,1.17398059597,4.16667654688,1.3183613551,4.17032866546,1.31470923652
357,17.85,4.22492603486,4.30637341928,0.0814473844238,4.52970091642,-0.223327497139,4.39143885457,-0.0850654352902,4.34906146651,-0.0426880472339,4.31105730601,-0.0046838867322,4.16667654688,0.139696872395,4.19091603778,0.115457381497
358,17.9,4.23083916026,4.16049787447,-0.07034128579,4.49796798601,-0.337470111541,4.41498022901,-0.254482354537,4.33456181483,-0.174063940363,4.30637341928,-0.145875544808,4.30637341928,-0.145875544808,4.19091603778,-0.0304181633107
359,17.95,4.23674403286,3.67512565651,-0.561618376357,4.42213917696,-0.747013520458,4.43925305225,-0.764127395742,4.32910764613,-0.653981989622,4.16049787447,-0.485372217965,4.31105730601,-0.635931649506,4.17032866546,-0.495203008953
360,18,4.24264068712,4.41426364238,0.171622955262,4.43852338201,-0.0242597396321,4.44478432044,-0.0305206780568,4.33119643042,0.0830672119566,4.16049787447,0.25376576791,4.31105730601,0.10320633637,4.17032866546,0.243934976922
361,18.05,4.24852915725,4.02703624029,-0.221492916955,4.31474702438,-0.287710784087,4.36530799475,-0.338271754456,4.33826374878,-0.311227508483,4.0452032652,-0.0181670249074,4.30637341928,-0.279337178985,4.17032866546,-0.143292425165
362,18.1,4.25440947724,5.84931207436,1.59490259713,4.38674722787,1.46256484649,4.40109521456,1.4482168598,4.31714092804,1.53217114633,4.16049787447,1.68881419989,4.31105730601,1.53825476835,4.16667654688,1.68263552748
363,18.15,4.26028168083,6.83121390951,2.57093222868,4.47296118597,2.35825272354,4.40730077589,2.42391313362,4.32822148783,2.50299242168,4.30637341928,2.52484049023,4.31105730601,2.5201566035,4.16667654688,2.66453736263
364,18.2,4.26614580154,4.31105730601,0.0449115044713,4.58107210087,-0.27001479486,4.41056891413,-0.099511608119,4.32099095597,-0.00993364995796,4.31105730601,0,4.31105730601,0,4.16570268246,0.145354623551
365,18.25,4.27200187266,5.23867650306,0.966674630401,4.64329840896,0.595378094097,4.42574532702,0.812931176043,4.29868588553,0.939990617525,4.31105730601,0.927619197048,4.31105730601,0.927619197048,4.16049787447,1.07817862859
366,18.3,4.27784992724,5.16989876574,0.892048838497,4.63024512154,0.539653644202,4.41985904774,0.750039718002,4.30633026612,0.86356849962,4.31105730601,0.858841459727,4.31105730601,0.858841459727,4.16570268246,1.00419608328
367,18.35,4.28368999812,3.76663725408,-0.517052744036,4.56746600939,-0.800828755304,4.45146843604,-0.684831181955,4.3136634904,-0.547026236313,4.30637341928,-0.539736165195,4.41426364238,-0.647626388297,4.16667654688,-0.4000392928
368,18.4,4.28952211791,4.0452032652,-0.244318852704,4.50162277854,-0.456419513335,4.43009545692,-0.384892191721,4.31463679865,-0.26943353345,4.16667654688,-0.121473281683,4.31105730601,-0.26585404081,4.16667654688,-0.121473281683
369,18.45,4.29534631898,3.33019934393,-0.965146975051,4.42728251324,-1.09708316931,4.45764371557,-1.12744437164,4.34386339647,-1.01366405254,4.16667654688,-0.836477202952,4.41426364238,-1.08406429845,4.19091603778,-0.86071669385
370,18.5,4.30116263352,3.81345746299,-0.487705170533,4.48043360023,-0.666976137244,4.49534370964,-0.68188624665,4.33880478504,-0.525347322049,4.31105730601,-0.497599843023,4.41426364238,-0.600806179393,4.19091603778,-0.377458574794
371,18.55,4.30697109347,3.91557363266,-0.391397460811,4.58107389858,-0.665500265917,4.45859216751,-0.543018534847,4.32417619353,-0.408602560871,4.31105730601,-0.395483673351,4.31105730601,-0.395483673351,4.19091603778,-0.275342405122
372,18.6,4.31277173057,5.36630749805,1.05353576748,4.61320125217,0.753106245878,4.46601587904,0.900291619009,4.34125717383,1.02505032422,4.69429279275,0.672014705305,4.31105730601,1.05525019204,4.19091603778,1.17539146027
373,18.65,4.31856457634,4.69429279275,0.375728216409,4.56964900134,0.124643791407,4.45057255528,0.24372023747,4.36251209661,0.331780696137,4.69429279275,0,4.30637341928,0.387919373468,4.22827427719,0.466018515553
374,18.7,4.32434966209,5.34466397772,1.02031431563,4.46659410544,0.878069872281,4.4227207408,0.921943236922,4.37864795234,0.966016025378,4.6670610956,0.677602882118,4.16667654688,1.17798743084,4.29975567131,1.04490830641
375,18.75,4.33012701892,5.83788692855,1.50775990963,4.45523405797,1.38265287058,4.43334579014,1.40454113841,4.39689207363,1.44099485492,4.6670610956,1.17082583295,4.16667654688,1.67121038166,4.30637341928,1.53151350927
376,18.8,4.33589667774,3.65243210272,-0.683464575018,4.3847033244,-0.732271221683,4.3716719704,-0.719239867682,4.41030902157,-0.757876918856,4.16667654688,-0.514244444166,4.16049787447,-0.508065771753,4.31105730601,-0.658625203293
377,18.85,4.34165866922,4.16667654688,-0.174982122334,4.38659661967,-0.219920072785,4.40902224704,-0.242345700157,4.43418774753,-0.267511200642,4.16667654688,0,4.16667654688,0,4.33688453839,-0.170207991509
378,18.9,4.34741302386,2.92366557141,-1.42374745245,4.43130674863,-1.50764117723,4.39567839827,-1.47201282686,4.43073316476,-1.50706759336,4.6670610956,-1.7433955242,4.16667654688,-1.24301097548,4.33688453839,-1.41321896699
379,18.95,4.35315977194,2.59935230323,-1.7538074687,4.45313324023,-1.85378093699,4.44503944695,-1.84568714372,4.42848258787,-1.82913028464,4.6670610956,-2.06770879237,4.30637341928,-1.70702111605,4.33688453839,-1.73753223516
380,19,4.35889894354,4.79129848335,0.432399539808,4.48471815611,0.306580327237,4.45104310692,0.340255376429,4.41808523533,0.373213248023,4.6670610956,0.124237387746,4.30637341928,0.48492506407,4.31105730601,0.480241177338
381,19.05,4.36463056856,6.52770990762,2.16307933906,4.47322150738,2.05448840024,4.44587893808,2.08183096955,4.3976368952,2.13007301242,4.6670610956,1.86064881202,4.30637341928,2.22133648834,4.30637341928,2.22133648834
382,19.1,4.37035467668,4.70171066581,0.331355989132,4.5075129091,0.194197756713,4.42123651406,0.280474151753,4.3881055679,0.313605097916,4.6670610956,0.0346495702109,4.22827427719,0.47343638862,4.29975567131,0.401954994501
383,19.15,4.37607129741,4.93471480687,0.558643509459,4.42802856358,0.506686243291,4.41847826432,0.516236542548,4.3687281107,0.565986696171,4.63569306877,0.299021738102,4.16667654688,0.768038259983,4.27244066487,0.662274141993
384,19.2,4.38178046004,4.6670610956,0.285280635562,4.45099579036,0.216065305243,4.42585536767,0.241205727931,4.38948440745,0.277576688151,4.63569306877,0.031368026838,4.22827427719,0.438786818409,4.29975567131,0.36730542429
385,19.25,4.3874821937,4.07249630908,-0.314985884614,4.53031340983,-0.457817100748,4.44814055409,-0.375644245011,4.39247910805,-0.319982798968,4.63569306877,-0.563196759683,4.31105730601,-0.238560996929,4.29975567131,-0.22725936223
386,19.3,4.3931765273,3.75753109817,-0.635645429127,4.40236568114,-0.644834582973,4.43637717742,-0.678846079245,4.40737008594,-0.649838987773,4.50355958862,-0.746028490453,4.22827427719,-0.470743179023,4.30637341928,-0.548842321108
387,19.35,4.39886348958,5.20965796637,0.810794476781,4.41157493247,0.798083033897,4.45704823021,0.752609736161,4.39977071209,0.809887254278,4.50355958862,0.706098377742,4.31105730601,0.898600660354,4.30637341928,0.903284547087
388,19.4,4.40454310911,4.70554996235,0.301006853243,4.40001820603,0.305531756322,4.42666477132,0.27888519103,4.4258196087,0.279730353648,4.50355958862,0.201990373728,4.29975567131,0.405794291039,4.31105730601,0.394492656341
389,19.45,4.41021541424,4.50355958862,0.0933441743844,4.42756564527,0.0759939433496,4.36880048494,0.134759103683,4.41441561783,0.0891439707934,4.50355958862,0,4.22827427719,0.27528531143,4.31105730601,0.192502282613
390,19.5,4.41588043316,3.99348257756,-0.422397855609,4.49479966291,-0.50131708535,4.37174113946,-0.378258561909,4.42211766364,-0.428635086081,4.50355958862,-0.510077011069,4.22827427719,-0.234791699639,4.33688453839,-0.343401960839
391,19.55,4.42153819389,3.57202783964,-0.849510354248,4.42709556065,-0.855067721015,4.37378414322,-0.801756303586,4.38667065414,-0.814642814498,4.07249630908,-0.500468469444,4.22827427719,-0.656246437556,4.31105730601,-0.739029466373
392,19.6,4.42718872424,4.63569306877,0.208504344529,4.39049829522,0.245194773548,4.30821153141,0.327481537358,4.3968554004,0.238837668369,4.07249630908,0.563196759683,4.16667654688,0.469016521881,4.33688453839,0.298808530371
393,19.65,4.43283205186,3.69713624204,-0.73569580982,4.27152461519,-0.574388373146,4.31216834971,-0.615032107672,4.40995338962,-0.712817147579,4.01126667347,-0.314130431433,4.16667654688,-0.469540304844,4.33688453839,-0.639748296353
394,19.7,4.43846820423,5.17660455521,0.738136350974,4.30281192189,0.873792633323,4.30344421475,0.873160340456,4.42542545199,0.751179103215,4.01126667347,1.16533788174,4.16667654688,1.00992800832,4.34659756766,0.830006987552
395,19.75,4.44409720866,7.0103339866,2.56623677794,4.31091954196,2.69941444463,4.30286486135,2.70746912524,4.43046551827,2.57986846832,4.01126667347,2.99906731312,4.16667654688,2.84365743971,4.34659756766,2.66373641894
396,19.8,4.44971909226,3.15098462613,-1.29873446613,4.29142821904,-1.14044359291,4.32284502036,-1.17186039423,4.45633228852,-1.30534766239,3.99348257756,-0.842497951426,4.22827427719,-1.07728965106,4.41426364238,-1.26327901625
397,19.85,4.45533388199,3.84582638055,-0.609507501438,4.3138445609,-0.468018180345,4.34033874618,-0.49451236563,4.47174007132,-0.625913690773,4.01126667347,-0.165440292922,4.29975567131,-0.453929290762,4.46103068663,-0.615204306084
398,19.9,4.46094160464,3.92398529167,-0.536956312974,4.26413240452,-0.340147112855,4.33565805081,-0.411672759148,4.4705587493,-0.546573457631,4.01126667347,-0.0872813818082,4.29975567131,-0.375770379648,4.46103068663,-0.537045394969
399,19.95,4.46654228683,3.50216179554,-0.964380491288,4.25609336562,-0.753931570082,4.37082507398,-0.868663278439,4.4876677983,-0.98550600276,4.01126667347,-0.509104877935,4.29975567131,-0.797593875775,4.50355958862,-1.00139779309
400,20,4.472135955,4.01126667347,-0.460869281526,4.27076529778,-0.259498624307,4.35125514437,-0.339988470895,4.47665457043,-0.465387896961,4.01126667347,0,4.29975567131,-0.28848899784,4.46103068663,-0.449764013161
401,20.05,4.47772263545,3.36951233605,-1.1082102994,4.26223429084,-0.89272195479,4.32697280057,-0.957460464521,4.46548164816,-1.09596931211,4.01126667347,-0.641754337422,4.29975567131,-0.930243335262,4.41426364238,-1.04475130633
402,20.1,4.48330235429,5.75916733346,1.27586497917,4.33410248574,1.42506484772,4.37648729835,1.38268003511,4.46492990551,1.29423742795,4.16570268246,1.593464651,4.34659756766,1.4125697658,4.41426364238,1.34490369108
403,20.15,4.48887513749,2.20326338519,-2.28561175231,4.31810546681,-2.11484208163,4.38928735943,-2.18602397425,4.47180675489,-2.2685433697,4.16570268246,-1.96243929727,4.46103068663,-2.25776730145,4.41426364238,-2.2110002572
404,20.2,4.49444101085,5.59174824754,1.09730723669,4.32681970787,1.26492853967,4.44780490187,1.14394334567,4.47521146232,1.11653678522,4.16570268246,1.42604556508,4.50355958862,1.08818865891,4.41426364238,1.17748460516
405,20.25,4.5,4.83732111722,0.337321117221,4.29274476174,0.544576355477,4.50749600165,0.329825115573,4.49534464037,0.341976476847,4.16570268246,0.671618434761,4.53673014544,0.300590971776,4.46103068663,0.376290430586
406,20.3,4.50555213043,3.66317852767,-0.842373602757,4.21334170023,-0.550163172561,4.52416076405,-0.860982236378,4.48179075877,-0.818612231097,4.16570268246,-0.502524154789,4.53673014544,-0.873551617774,4.46103068663,-0.797852158964
407,20.35,4.51109742746,4.22827427719,-0.282823150262,4.15023269723,0.0780415799662,4.49556805087,-0.267293773678,4.48237085679,-0.254096579591,4.16570268246,0.062571594734,4.53673014544,-0.308455868251,4.46103068663,-0.23275640944
408,20.4,4.51663591625,4.16570268246,-0.350933233794,4.15607120233,0.00963148013146,4.45575691864,-0.290054236176,4.4914935976,-0.325790915137,4.16570268246,0,4.50355958862,-0.337856906164,4.46103068663,-0.295328004174
409,20.45,4.52216762184,4.53673014544,0.0145625236067,4.14065630188,0.396073843565,4.43627431463,0.100455830813,4.48697065349,0.0497594919548,4.16570268246,0.371027462985,4.46103068663,0.0756994588102,4.46103068663,0.0756994588102
410,20.5,4.52769256907,4.811670164,0.283977594936,4.13106061259,0.680609551413,4.41226013736,0.399410026642,4.49868108172,0.312989082286,4.16570268246,0.645967481544,4.34659756766,0.465072596348,4.46103068663,0.35063947737
411,20.55,4.53321078266,3.81433143183,-0.718879350822,4.17016436969,-0.355832937851,4.41618061493,-0.601849183092,4.50045936714,-0.686127935301,4.22827427719,-0.413942845359,4.34659756766,-0.532266135822,4.46103068663,-0.6466992548
412,20.6,4.53872228716,5.08125993253,0.542537645369,4.23865205128,0.842607881253,4.4102760045,0.670983928033,4.4871711593,0.594088773231,4.29975567131,0.78150426122,4.34659756766,0.734662364877,4.41426364238,0.666996290152
413,20.65,4.544227107,4.29975567131,-0.244471435688,4.20857703703,0.0911786342797,4.38247182869,-0.0827161573731,4.49705788091,-0.197302209598,4.29975567131,0,4.29975567131,0,4.46103068663,-0.161275015322
414,20.7,4.54972526643,3.88013530413,-0.669589962301,4.4126031127,-0.532467808565,4.38505904102,-0.504923736893,4.51370591462,-0.633570610485,4.46103068663,-0.580895382504,4.29975567131,-0.419620367183,4.50355958862,-0.623424284494
415,20.75,4.55521678957,4.46103068663,-0.0941861029376,4.35331022318,0.107720463457,4.3673837027,0.09364698393,4.51228199767,-0.0512513110343,4.34659756766,0.114433118978,4.27244066487,0.188590021761,4.50355958862,-0.0425289019898
416,20.8,4.5607017004,5.34286969484,0.782167994439,4.34198480783,1.000884887,4.38073604213,0.962133652706,4.52098264007,0.821887054764,4.34659756766,0.996272127179,4.29975567131,1.04311402352,4.5150165907,0.82785310414
417,20.85,4.56618002273,1.82569556305,-2.74048445968,4.46172256791,-2.63602700486,4.41166835715,-2.5859727941,4.52482908116,-2.69913351811,4.46103068663,-2.63533512359,4.34659756766,-2.52090200461,4.5150165907,-2.68932102765
418,20.9,4.57165178026,3.96843498767,-0.603216792597,4.48987520529,-0.521440217626,4.45068481138,-0.482249823717,4.5203319601,-0.551896972431,4.53673014544,-0.568295157777,4.34659756766,-0.378162579989,4.5150165907,-0.546581603028
419,20.95,4.57711699654,3.60027238224,-0.976844614294,4.57284461259,-0.972572230348,4.4206096718,-0.820337289559,4.50352699991,-0.903254617665,4.59948739499,-0.999215012743,4.34659756766,-0.746325185412,4.5150165907,-0.914744208451
420,21,4.58257569496,3.30065232048,-1.28192337447,4.62555262432,-1.32490030384,4.41019249848,-1.109540178,4.51223034985,-1.21157802936,4.80775364954,-1.50710132906,4.34659756766,-1.04594524717,4.53673014544,-1.23607782496
421,21.05,4.58802789878,4.83244557244,0.244417673658,4.66505411012,0.167391462315,4.34873900176,0.483706570681,4.50707811284,0.325367459598,4.80775364954,0.0246919228955,4.29975567131,0.532689901127,4.53673014544,0.295715426995
422,21.1,4.59347363114,4.80775364954,0.214280018402,4.72482316268,0.0829304868604,4.37548472655,0.43226892299,4.49609278519,0.311660864358,4.81947966223,-0.0117260126852,4.34659756766,0.461156081887,4.5150165907,0.292737058848
423,21.15,4.59891291503,5.12759203427,0.528679119245,4.61006520979,0.51752682448,4.41464387867,0.712948155601,4.50511189855,0.622480135724,4.80775364954,0.319838384728,4.46103068663,0.666561347638,4.53673014544,0.590861888827
424,21.2,4.60434577329,6.4878109741,1.88346520081,4.59298646366,1.89482451043,4.45641443103,2.03139654307,4.49329004262,1.99452093147,4.80775364954,1.68005732455,4.5150165907,1.9727943834,4.53673014544,1.95108082865
425,21.25,4.60977222865,4.34659756766,-0.26317466099,4.5721389756,-0.225541407946,4.46184131498,-0.115243747325,4.50940049764,-0.162802929983,4.80775364954,-0.461156081887,4.5150165907,-0.168419023039,4.59948739499,-0.25288982733
426,21.3,4.61519230369,4.59948739499,-0.0157049086987,4.56315849838,0.0363288966107,4.51541333277,0.0840740622176,4.52447433214,0.0750130628449,4.80775364954,-0.208266254557,4.53673014544,0.0627572495422,4.63569306877,-0.0362056737781
427,21.35,4.62060602086,6.1776714893,1.55706546845,4.47332641607,1.70434507323,4.54216560376,1.63550588555,4.54224008791,1.63543140139,4.59948739499,1.57818409432,4.59948739499,1.57818409432,4.64532871582,1.53234277349
428,21.4,4.62601340249,4.81947966223,0.193466259741,4.56694305592,0.25253660631,4.52053548804,0.298944174189,4.53275171349,0.286727948741,4.59948739499,0.219992267242,4.59948739499,0.219992267242,4.63569306877,0.183786593464
429,21.45,4.63141447076,5.90806023573,1.27664576497,4.60832699896,1.29973323677,4.58852537859,1.31953485714,4.52850419466,1.37955604108,4.80775364954,1.10030658619,4.64532871582,1.26273151992,4.59948739499,1.30857284075
430,21.5,4.63680924775,5.64359839177,1.00678914403,4.60841485382,1.03518353795,4.55467082465,1.08892756713,4.53151099203,1.11208739974,4.80775364954,0.835844742231,4.59948739499,1.04411099679,4.59948739499,1.04411099679
431,21.55,4.64219775537,5.64120136586,0.999003610483,4.67383388086,0.967367484997,4.53403940868,1.10716195718,4.53013786715,1.1110634987,4.80775364954,0.833447716313,4.53673014544,1.10447122041,4.59948739499,1.04171397087
432,21.6,4.64758001545,5.06948153557,0.421901520122,4.68893532529,0.380546210282,4.52899617593,0.540485359638,4.5371867283,0.532294807273,4.80775364954,0.261727886027,4.53673014544,0.532751390126,4.59948739499,0.469994140584
433,21.65,4.65295604965,2.67134292181,-1.98161312784,4.77549621031,-2.1041532885,4.55344030941,-1.8820973876,4.54376454258,-1.87242162076,4.81947966223,-2.14813674042,4.59948739499,-1.92814447317,4.63569306877,-1.96435014695
434,21.7,4.65832587954,3.94110200264,-0.717223876904,4.63433964312,-0.693237640488,4.57569176385,-0.634589761209,4.57664257393,-0.635540571296,4.67445188825,-0.733349885617,4.64532871582,-0.70422671318,4.64532871582,-0.70422671318
435,21.75,4.66368952654,3.44233805483,-1.22135147171,4.54660239273,-1.1042643379,4.59858277906,-1.15624472423,4.62145933172,-1.17912127689,4.64532871582,-1.20299066098,4.65603143182,-1.21369337698,4.65603143182,-1.21369337698
436,21.8,4.66904701197,4.27244066487,-0.396606347098,4.52420277778,-0.251762112906,4.60247936966,-0.330038704788,4.61673495445,-0.344294289574,4.64532871582,-0.372888050943,4.65603143182,-0.383590766943,4.64532871582,-0.372888050943
437,21.85,4.67439835701,3.45639596644,-1.21800239056,4.52018035853,-1.06378439208,4.60452569658,-1.14812973013,4.62217555289,-1.16577958645,4.64532871582,-1.18893274937,4.65603143182,-1.19963546537,4.64532871582,-1.18893274937
438,21.9,4.67974358272,3.79164499984,-0.888098582883,4.50424091325,-0.712595913418,4.58129361756,-0.789648617728,4.62972831608,-0.838083316246,4.64532871582,-0.853683715981,4.64532871582,-0.853683715981,4.64532871582,-0.853683715981
439,21.95,4.68508271005,4.83749779156,0.152415081515,4.56304109419,0.274456697375,4.54742170183,0.290076089734,4.61455275733,0.222945034231,4.64532871582,0.192169075748,4.64532871582,0.192169075748,4.63569306877,0.201804722799
440,22,4.69041575982,3.60211733435,-1.08829842547,4.46165407711,-0.859536742761,4.58567379375,-0.983556459396,4.6195476355,-1.01743030115,4.5150165907,-0.912899256343,4.65603143182,-1.05391409746,4.63569306877,-1.03357573441
441,22.05,4.69574275275,4.67445188825,-0.021290864496,4.51402746706,0.160424421194,4.57906418852,0.0953876997328,4.61093581757,0.0635160706794,4.5150165907,0.159435297558,4.65603143182,0.018420456437,4.63569306877,0.0387588194885
442,22.1,4.70106370942,5.14957590544,0.448512196024,4.47082159995,0.678754305493,4.55293040691,0.596645498535,4.63326488739,0.516311018051,4.5150165907,0.634559314745,4.64532871582,0.504247189624,4.64532871582,0.504247189624
443,22.15,4.7063786503,6.62553223492,1.91915358462,4.45113349977,2.17439873515,4.62308930798,2.00244292694,4.62795587431,1.9975763606,4.5150165907,2.11051564422,4.65603143182,1.9695008031,4.63569306877,1.98983916615
444,22.2,4.71168759576,2.16330412345,-2.54838347231,4.59396230366,-2.43065818021,4.66308920265,-2.4997850792,4.61157162647,-2.44826750302,4.64532871582,-2.48202459237,4.67445188825,-2.51114776481,4.62035751496,-2.45705339152
445,22.25,4.71699056603,4.64532871582,-0.0716618502115,4.59034630336,0.0549824124606,4.66145780055,-0.0161290847367,4.61584930626,0.0294794095613,4.64532871582,0,4.67445188825,-0.0291231724368,4.63569306877,0.00963564705167
446,22.3,4.72228758125,3.87620565369,-0.846081927557,4.60666920087,-0.730463547176,4.70223000896,-0.826024355267,4.62150718561,-0.745301531917,4.64532871582,-0.769123062126,4.73387815652,-0.85767250283,4.64051089229,-0.764305238601
447,22.35,4.72757866143,4.5150165907,-0.212562070733,4.5654088672,-0.0503922765,4.69480933501,-0.179792744319,4.63113543649,-0.116118845792,4.64532871582,-0.130312125121,4.67445188825,-0.159435297558,4.64532871582,-0.130312125121
448,22.4,4.73286382648,5.84294313854,1.11007931206,4.66152930139,1.18141383714,4.7054441975,1.13749894104,4.63109323619,1.21184990235,4.65603143182,1.18691170672,4.67445188825,1.16849125029,4.65068007382,1.19226306472
449,22.45,4.73814309619,6.05428346189,1.31614036569,4.73338081848,1.32090264341,4.70227304641,1.35201041548,4.63982180623,1.41446165566,4.67445188825,1.37983157363,4.67445188825,1.37983157363,4.65603143182,1.39825203007
450,22.5,4.74341649025,3.77893287716,-0.964483613095,4.77465101513,-0.995718137974,4.67853418709,-0.899601309935,4.63475781803,-0.855824940872,4.67445188825,-0.895519011096,4.67445188825,-0.895519011096,4.65068007382,-0.871747196659
451,22.55,4.74868402823,6.74343958062,1.99475555239,4.84171191753,1.90172766309,4.68481223862,2.058627342,4.61213328309,2.13130629753,4.73387815652,2.0095614241,4.67445188825,2.06898769237,4.64532871582,2.0981108648
452,22.6,4.7539457296,4.73387815652,-0.020067573082,4.80572345164,-0.071845295124,4.67208753275,0.061790623765,4.62618278941,0.107695367112,4.73387815652,0,4.67445188825,0.0594262682663,4.65068007382,0.0831980827032
453,22.65,4.75920161372,4.65603143182,-0.1031701819,4.74604954676,-0.0900181149407,4.64444218664,0.0115892451793,4.63375906522,0.0222723665945,4.65603143182,0,4.67445188825,-0.018420456437,4.65603143182,0
454,22.7,4.76445169983,5.67074780343,0.9062961036,4.55303791504,1.11770988839,4.60353037478,1.06721742865,4.64071763163,1.0300301718,4.64532871582,1.02541908761,4.66677819543,1.003969608,4.66140481363,1.0093429898
455,22.75,4.76969600708,3.86516599635,-0.904530010739,4.7276897183,-0.862523721959,4.58804801429,-0.722882017945,4.65199046169,-0.786824465344,4.65603143182,-0.790865435471,4.66677819543,-0.801612199088,4.66677819543,-0.801612199088
456,22.8,4.77493455453,3.78511890255,-0.989815651975,4.70286172327,-0.917742820716,4.58497065549,-0.799851752936,4.65839769957,-0.873278797022,4.65603143182,-0.870912529267,4.66677819543,-0.881659292884,4.67061504184,-0.885496139294
457,22.85,4.78016736109,3.40597365779,-1.3741937033,4.70923511273,-1.30326145494,4.58980146249,-1.1838278047,4.67141674365,-1.26544308586,4.65603143182,-1.25005777403,4.66677819543,-1.26080453764,4.67445188825,-1.26847823046
458,22.9,4.7853944456,5.47492508461,0.689530639007,4.75155810927,0.723366975343,4.57497041154,0.899954673069,4.66031724783,0.814607836776,4.73387815652,0.74104692809,4.65603143182,0.818893652793,4.67061504184,0.804310042766
459,22.95,4.7906158268,5.30052685861,0.509911031808,4.7594384177,0.54108844091,4.60539149547,0.695135363139,4.68564770003,0.614879158583,4.73387815652,0.566648702089,4.65603143182,0.644495426792,4.67445188825,0.626074970355
460,23,4.79583152331,5.70417192128,0.908340397964,4.63861877073,1.06555315055,4.63945652457,1.0647153967,4.67620915266,1.02796276862,4.65603143182,1.04814048946,4.66677819543,1.03739372584,4.67061504184,1.03355687943
461,23.05,4.80104155366,5.01039628477,0.20935473111,4.71486172653,0.295534558242,4.6834395052,0.326956779577,4.67451323724,0.335883047533,4.73387815652,0.276518128253,4.67445188825,0.335944396519,4.66677819543,0.343618089339
462,23.1,4.80624593628,3.91869410459,-0.887551831688,4.60584037514,-0.687146270548,4.68662411353,-0.767930008938,4.68527211713,-0.766578012538,4.65603143182,-0.737337327226,4.67445188825,-0.755757783663,4.67061504184,-0.751920937253
463,23.15,4.81144468949,3.89642390282,-0.915020786665,4.63518577894,-0.738761876113,4.71486760304,-0.818443700222,4.6901860724,-0.793762169574,4.65603143182,-0.759607528994,4.73387815652,-0.837454253697,4.67445188825,-0.778027985431
464,23.2,4.81663783152,2.57228796891,-2.24434986261,4.64993967878,-2.07765170987,4.76940646681,-2.1971184979,4.69588697881,-2.1235990099,4.96586332852,-2.39357535961,4.7677588373,-2.19547086839,4.70416502239,-2.13187705348
465,23.25,4.8218253805,5.83099199195,1.00916661145,4.63119593333,1.19979605861,4.82306361635,1.0079283756,4.697635955,1.13335603695,4.96586332852,0.865128663425,4.7677588373,1.06323315464,4.73387815652,1.09711383543
466,23.3,4.82700735446,4.12394082,-0.703066534455,4.66936794281,-0.54542712281,4.83609842559,-0.712157605589,4.69636890823,-0.572428088229,4.96586332852,-0.84192250852,4.7677588373,-0.6438180173,4.70416502239,-0.580224202383
467,23.35,4.83218377134,4.01004683249,-0.822136938846,4.67724453774,-0.667197705247,4.88427812063,-0.874231288132,4.70627944168,-0.696232609182,4.96586332852,-0.95581649603,4.89681393173,-0.886767099239,4.73387815652,-0.723831324026
468,23.4,4.83735464898,5.4037995179,0.566444868924,4.74209145105,0.661708066852,4.8919348162,0.511864701699,4.70201829973,0.701781218169,4.96586332852,0.437936189379,4.89681393173,0.50698558617,4.70416502239,0.699634495516
469,23.45,4.84252000512,6.00842961563,1.16590961051,4.6115225069,1.39690710872,4.82575237603,1.1826772396,4.70664200811,1.30178760752,4.7677588373,1.24067077832,4.7677588373,1.24067077832,4.73387815652,1.27455145911
470,23.5,4.84767985742,3.51707087544,-1.33060898198,4.60285264939,-1.08578177395,4.88571685542,-1.36864597998,4.71625255118,-1.19918167574,4.7677588373,-1.25068796187,4.89681393173,-1.3797430563,4.75081849691,-1.23374762147
471,23.55,4.85283422342,5.38003494907,0.527200725648,4.59249460993,0.787540339135,4.85574147901,0.524293470061,4.71925516135,0.660779787721,4.7677588373,0.612276111765,4.89681393173,0.483221017336,4.7677588373,0.612276111765
472,23.6,4.8579831206,4.45399120139,-0.403991919206,4.634264907,-0.180273705609,4.90201309066,-0.448021889266,4.71183117881,-0.257839977415,4.7677588373,-0.313767635914,4.96586332852,-0.511872127133,4.75081849691,-0.296827295522
473,23.65,4.86312656632,5.35013163626,0.48700506994,4.65304604188,0.697085594378,4.90407859898,0.44605303728,4.74660389707,0.603527739187,4.7677588373,0.582372798951,4.96586332852,0.384268307731,4.7677588373,0.582372798951
474,23.7,4.86826457786,4.96586332852,0.0975987506684,4.66858862756,0.29727470096,4.84611693844,0.119746390081,4.75609376182,0.209769566707,4.7677588373,0.198104491219,4.89681393173,0.0690493967913,4.78775624342,0.178107085099
475,23.75,4.8733971724,5.27712914908,0.403731976678,4.81649960461,0.460629544477,4.82502083223,0.452108316853,4.77036316156,0.506765987518,4.96586332852,0.311265820559,4.89681393173,0.38031521735,4.80775364954,0.469375499539
476,23.8,4.87852436706,4.66677819543,-0.211746171626,4.80956998912,-0.142791793682,4.84594259133,-0.179164395898,4.78873454708,-0.121956351644,4.96586332852,-0.29908513309,4.93133863013,-0.264560434694,4.81361665589,-0.146838460453
477,23.85,4.88364617883,3.950527396,-0.93311878283,4.82437545911,-0.873848063111,4.80721816298,-0.856690766979,4.78818124296,-0.837653846959,4.96586332852,-1.01533593252,4.89681393173,-0.946286535732,4.80775364954,-0.857226253544
478,23.9,4.88876262463,4.7677588373,-0.121003787328,4.86660246384,-0.0988436265325,4.80874607978,-0.0409872424759,4.78793031467,-0.0201714773659,4.96586332852,-0.198104491219,4.93133863013,-0.163579792824,4.79361924977,-0.0258604124626
479,23.95,4.8938737213,2.73297725753,-2.16089646377,4.92228472736,-2.18930746984,4.81199532761,-2.07901807008,4.78351912351,-2.05054186598,4.96586332852,-2.232886071,4.96586332852,-2.232886071,4.7677588373,-2.03478157978
480,24,4.89897948557,5.11845985078,0.219480365215,4.99683628938,0.121623561405,4.79332679553,0.325133055255,4.76109423074,0.357365620046,4.96586332852,0.152596522258,4.93133863013,0.187121220653,4.75081849691,0.367641353869
481,24.05,4.9040799341,5.48665309274,0.58257315864,5.03254208606,0.454111006673,4.81395259106,0.672700501673,4.76662085291,0.720032239826,4.96586332852,0.520789764212,4.96586332852,0.520789764212,4.7677588373,0.718894255432
482,24.1,4.90917508345,5.88757252315,0.978397439693,5.11595072348,0.771621799663,4.83733517489,1.05023734825,4.76887941315,1.11869310999,4.96586332852,0.921709194623,4.97212268678,0.915449836368,4.79361924977,1.09395327338
483,24.15,4.91426495012,4.31309793703,-0.601167013093,5.16766863675,-0.854570699717,4.87062265204,-0.557524715006,4.74958089156,-0.436482954531,5.11845985078,-0.805361913752,4.97838204503,-0.665284108004,4.7677588373,-0.454660900275
484,24.2,4.9193495505,4.22281820224,-0.696531348258,5.0676732153,-0.844855013058,4.85623449888,-0.633416296637,4.7486100753,-0.52579187306,4.96586332852,-0.743045126282,4.97212268678,-0.749304484537,4.75081849691,-0.52800029467
485,24.25,4.9244289009,5.6784184868,0.753989585901,5.07984603644,0.598572450356,4.84539809986,0.833020386938,4.73227979135,0.946138695447,5.11845985078,0.559958636018,4.96586332852,0.712555158275,4.73387815652,0.944540330279
486,24.3,4.92950301755,5.68547006665,0.755967049106,4.97696295881,0.708507107841,4.82392875433,0.861541312327,4.7192609542,0.966209112449,4.89681393173,0.78865613492,4.93133863013,0.754131436524,4.70416502239,0.981305044265
487,24.35,4.93457191659,4.4348556899,-0.499716226692,5.0516905613,-0.616834871405,4.8191475356,-0.384291845698,4.70589949896,-0.271043809063,5.11845985078,-0.683604160883,4.89681393173,-0.461958241834,4.67445188825,-0.239596198355
488,24.4,4.93963561409,4.89681393173,-0.042821682359,5.08358723363,-0.186773301903,4.84284367852,0.0539702532153,4.70055270431,0.196261227427,5.11845985078,-0.221645919049,4.93133863013,-0.0345246983956,4.67061504184,0.226198889889
489,24.45,4.94469412603,6.57312705196,1.62843292593,4.99402245335,1.57910459861,4.86842259137,1.70470446059,4.73083941748,1.84228763449,5.11845985078,1.45466720118,4.96586332852,1.60726372344,4.67445188825,1.89867516371
490,24.5,4.94974746831,7.57401241791,2.6242649496,5.10094649085,2.47306592705,4.93220410866,2.64180830924,4.74280513588,2.83120728202,5.11845985078,2.45555256713,4.97212268678,2.60188973113,4.70416502239,2.86984739552
491,24.55,4.95479565673,4.26689260584,-0.687903050892,5.10007082286,-0.833178217014,4.90652445486,-0.639631849013,4.76281232175,-0.495919715903,5.09993730878,-0.833044702933,4.96586332852,-0.698970722681,4.73387815652,-0.466985550677
492,24.6,4.95983870705,7.13161633491,2.17177762786,5.0797243876,2.05189194731,4.92954162059,2.20207471432,4.77047437888,2.36114195603,4.97838204503,2.15323428988,4.97212268678,2.15949364813,4.75081849691,2.380797838
493,24.65,4.96487663492,5.54006737992,0.575190744993,5.03484393563,0.50522344429,4.95740509901,0.582662280901,4.79133276638,0.748734613532,4.93759798838,0.602469391532,4.97838204503,0.561685334881,4.7677588373,0.772308542611
494,24.7,4.96990945592,3.25022778587,-1.71968167004,5.0772995826,-1.82707179673,4.94345527342,-1.69322748755,4.80745676262,-1.55722897675,4.97838204503,-1.72815425916,4.97212268678,-1.72189490091,4.80262831443,-1.55240052856
495,24.75,4.97493718553,5.22149257252,0.246555386985,5.13070466887,0.0907879036444,4.90910126239,0.312391310133,4.80696428673,0.414528285784,5.09993730878,0.121555263742,4.96586332852,0.255629243995,4.7677588373,0.453733735214
496,24.8,4.9799598392,3.11658451883,-1.86337532037,5.09419041435,-1.97760589552,4.95550227528,-1.83891775646,4.82704506927,-1.71046055045,4.97838204503,-1.86179752621,4.97212268678,-1.85553816795,4.83228638452,-1.71570186569
497,24.85,4.98497743225,6.23605784777,1.25108041552,5.05195615347,1.1841016943,4.94086321757,1.2951946302,4.82963139438,1.40642645339,4.93759798838,1.29845985939,4.96586332852,1.27019451924,4.89681393173,1.33924391604
498,24.9,4.98998997995,4.62035751496,-0.369632464989,5.09942541989,-0.479067904934,4.95825150386,-0.337893988897,4.8241151097,-0.203757594741,4.97838204503,-0.358024530073,4.97212268678,-0.351765171817,4.83228638452,-0.211928869557
499,24.95,4.9949974975,2.88689845138,-2.10809904612,5.11630971058,-2.22941125919,4.94373742488,-2.0568389735,4.79251130049,-1.90561284911,5.09993730878,-2.2130388574,4.96586332852,-2.07896487714,4.7677588373,-1.88086038592
500,25,5,4.97838204503,-0.0216179549661,4.98387177045,-0.00548972541515,4.94288642859,0.0354956164468,4.83946142865,0.138920616384,4.97838204503,0,4.93759798838,0.0407840566507,4.83228638452,0.146095660516
